month,type,units_central,units_p10,units_p90,value_gbp,net_mass_kg,estimator,confidence,import_units_central
2019-01-01,EDGE_AIRCRAFT,0.0,0.0,0.0,-2088208.1999999997,302.2500000000002,vpk_threshold,0.9,0.0
2019-01-01,EDGE_MONITOR,0.0,0.0,0.0,-725574.5250000001,-1429.3500000000681,cn_rule,1.0,0.0
2019-01-01,SATELLITE,0.0,0.0,0.0,3851241.2249999996,1033617.975,value_index_only,1.0,0.0
2019-01-01,T1,34194.67767857143,27355.742142857143,43520.49886363636,3756029.5500000003,957450.9750000001,vpk_threshold,0.8407124306516196,37982.83125
2019-01-01,T2,-1078.4892857142859,-686.311363636364,-1509.885,-674907.6750000002,-37747.124999999985,cn_rule,0.9000000000000001,3330.2657142857142
2019-01-01,T3,10048.7570625,7145.782799999999,13398.34275,2604264.1559999995,321560.226,prior_allocation,0.4000000000000001,10326.7490625
2019-01-01,T4,1667.3493200000003,1136.8290818181817,2501.02398,1012769.3940000001,125051.199,prior_allocation,0.4,1713.4754000000003
2019-01-01,T5,-0.2220833333333334,-0.11421428571428571,-0.3331250000000001,-16658.85,-39.97500000000002,vpk_threshold,0.9434445488271215,0.9966666666666666
2019-01-01,T6,151.7685,75.88425,316.18437500000005,577816.2000000001,37942.125,vpk_threshold,0.7178892065667759,309.0594
2019-01-01,T7,4847.970833333333,3116.5526785714283,7271.956250000001,6221747.999999999,436317.37499999994,cn_rule,0.9000000000000001,5605.4591666666665
2019-01-01,UNALLOCATED,0.0,0.0,0.0,-3887445.9,-456424.80000000005,vpk_threshold,0.0,0.0
2019-02-01,EDGE_AIRCRAFT,0.0,0.0,0.0,285477.075,1324.0500000000004,vpk_threshold,0.9,0.0
2019-02-01,EDGE_MONITOR,0.0,0.0,0.0,-1046412.9000000001,-64448.475000000035,cn_rule,1.0,0.0
2019-02-01,SATELLITE,0.0,0.0,0.0,4169769.8249999993,1178459.0999999999,value_index_only,1.0,0.0
2019-02-01,T1,11219.708035714284,8975.766428571429,14279.62840909091,1330221.75,314151.825,vpk_threshold,0.7588829011417709,19364.405357142856
2019-02-01,T2,7313.670000000001,4654.153636363636,10239.137999999999,683029.4249999999,255978.44999999998,cn_rule,0.9,9366.100714285714
2019-02-01,T3,5292.641250000001,3763.656,7056.855,1147106.6099999999,169364.52000000002,prior_allocation,0.4000000000000001,5860.9760625
2019-02-01,T4,878.1864,598.7634545454546,1317.2795999999998,446097.015,65863.98000000001,prior_allocation,0.4,972.4878800000001
2019-02-01,T5,-0.6283333333333336,-0.3231428571428571,-0.9425,-2314.6500000000005,-113.1,vpk_threshold,0.8045416927258405,2.107083333333333
2019-02-01,T6,508.30260000000004,254.15130000000002,1058.9637500000003,453432.525,127075.65,vpk_threshold,0.7185678644690638,701.3175000000001
2019-02-01,T7,14902.387499999999,9580.106249999999,22353.58125,6692328.825,1341214.875,cn_rule,0.9000000000000001,15540.2975
2019-02-01,UNALLOCATED,0.0,0.0,0.0,-5295461.925000002,-608520.9,vpk_threshold,0.0,0.0
2019-03-01,EDGE_AIRCRAFT,0.0,0.0,0.0,1328088.4499999997,1322.1,vpk_threshold,0.9,0.0
2019-03-01,EDGE_MONITOR,0.0,0.0,0.0,-816724.3499999996,6805.499999999991,cn_rule,1.0,0.0
2019-03-01,SATELLITE,0.0,0.0,0.0,5750885.4,444265.763175,value_index_only,1.0,0.0
2019-03-01,T1,236.19375000000082,188.9549999999998,300.6102272727269,-539178.9,6613.425000000003,vpk_threshold,0.7746722944396789,10240.494642857142
2019-03-01,T2,1718.7857142857142,1093.772727272727,2406.3,-422136.975,60157.49999999999,cn_rule,0.8999999999999999,6283.262142857143
2019-03-01,T3,12350.856375,8782.8312,16467.8085,3629257.866,395227.404,prior_allocation,0.3999999999999999,12535.284937499999
2019-03-01,T4,2049.32728,1397.2686000000003,3073.99092,1411378.059,153699.54600000003,prior_allocation,0.4,2079.92876
2019-03-01,T5,-155.28500000000003,-79.86085714285714,-232.9275,-667233.45,-27951.3,vpk_threshold,0.6767382398999272,3.75375
2019-03-01,T6,1177.5114,588.7557,2453.14875,4121041.2750000004,294377.85000000003,vpk_threshold,0.7116113956089455,1432.9029
2019-03-01,T7,6733.739999999999,4328.8328571428565,10100.61,10540990.199999997,606036.5999999999,cn_rule,0.9,7839.747499999999
2019-03-01,UNALLOCATED,0.0,0.0,0.0,-5849449.125,-614099.85,vpk_threshold,0.0,0.0
2019-04-01,EDGE_AIRCRAFT,0.0,0.0,0.0,2058379.0499999989,16716.375,vpk_threshold,0.8999999999999999,0.0
2019-04-01,EDGE_MONITOR,0.0,0.0,0.0,-654896.7749999989,30112.875000000065,cn_rule,1.0,0.0
2019-04-01,SATELLITE,0.0,0.0,0.0,5737404.074999999,904509.4500000002,value_index_only,1.0,0.0
2019-04-01,T1,11896.775892857144,9517.420714285712,15141.351136363637,1323529.3499999999,333109.725,vpk_threshold,0.7823249786460841,21665.544642857145
2019-04-01,T2,7809.415714285715,4969.6281818181815,10933.182,1716276.8999999997,273329.55,cn_rule,0.9000000000000001,9406.688571428573
2019-04-01,T3,16178.1165,11504.438399999997,21570.822,4388867.496,517699.728,prior_allocation,0.4000000000000001,16200.580499999998
2019-04-01,T4,2684.3689600000002,1830.2515636363642,4026.5534399999997,1706781.8040000005,201327.67200000002,prior_allocation,0.4,2688.09632
2019-04-01,T5,-7.399166666666666,-3.805285714285714,-11.098750000000003,-98338.5,-1331.85,vpk_threshold,0.7291073959003163,0.31416666666666665
2019-04-01,T6,324.90899999999993,162.45449999999997,676.8937500000001,1626606.15,81227.25,vpk_threshold,0.7692809650886077,620.5211999999999
2019-04-01,T7,4014.4758333333334,2580.734464285714,6021.713749999999,5678364.899999999,361302.825,cn_rule,0.9,4942.394166666667
2019-04-01,UNALLOCATED,0.0,0.0,0.0,-1633260.5250000006,-177709.35000000006,vpk_threshold,0.0,0.0
2019-05-01,EDGE_AIRCRAFT,0.0,0.0,0.0,5043687.674999999,5639.4,vpk_threshold,0.9000000000000002,0.0
2019-05-01,EDGE_MONITOR,0.0,0.0,0.0,-528554.3249999998,36746.77499999999,cn_rule,1.0,0.0
2019-05-01,SATELLITE,0.0,0.0,0.0,4457533.2749999985,794912.6249999999,value_index_only,1.0,0.0
2019-05-01,T1,8049.39107142857,6439.512857142856,10244.679545454544,1230914.1,225382.95,vpk_threshold,0.713796806686814,21151.197321428575
2019-05-01,T2,19591.622142857144,12467.395909090908,27428.271000000004,2873588.25,685706.7749999999,cn_rule,0.9,22398.42428571428
2019-05-01,T3,11409.0795,8113.123200000001,15212.106,2597592.3479999998,365090.544,prior_allocation,0.39999999999999997,11423.73375
2019-05-01,T4,1893.06208,1290.7241454545456,2839.5931200000005,1010174.802,141979.65600000002,prior_allocation,0.4,1895.4936000000002
2019-05-01,T5,-25.030416666666664,-12.872785714285714,-37.545624999999994,-377057.85,-4505.475,vpk_threshold,0.8015195439334954,1.2295833333333333
2019-05-01,T6,644.1995625,322.09978125,1342.0824218750004,2559606.0749999997,161049.890625,vpk_threshold,0.7607794691131766,754.6226999999999
2019-05-01,T7,3071.1416666666673,1974.3053571428572,4606.712500000001,5299240.050000001,276402.74999999994,cn_rule,0.8999999999999999,3867.9874999999993
2019-05-01,UNALLOCATED,0.0,0.0,0.0,-4012091.849999999,-481281.44999999995,vpk_threshold,0.0,0.0
2019-06-01,EDGE_AIRCRAFT,0.0,0.0,0.0,806910.9750000006,5767.872825,vpk_threshold,0.9000000000000001,0.0
2019-06-01,EDGE_MONITOR,0.0,0.0,0.0,-732063.1500000007,51048.07499999997,cn_rule,1.0,0.0
2019-06-01,SATELLITE,0.0,0.0,0.0,4139405.400000001,849535.0499999999,value_index_only,1.0,0.0
2019-06-01,T1,8866.684821428571,7093.347857142856,11284.871590909093,824308.875,248267.175,vpk_threshold,0.7580309270701681,17418.8625
2019-06-01,T2,10047.59785714286,6393.92590909091,14066.637,1570368.1500000001,351665.925,cn_rule,0.8999999999999999,14355.51
2019-06-01,T3,18652.271625,13263.837600000003,24869.6955,4837641.353999999,596872.692,prior_allocation,0.39999999999999997,18704.7680625
2019-06-01,T4,3094.8954400000002,2110.155981818182,4642.34316,1881304.9710000001,232117.15800000002,prior_allocation,0.39999999999999997,3103.605960000001
2019-06-01,T5,-12.60458333333333,-6.4823571428571425,-18.906874999999996,-89687.325,-2268.825,vpk_threshold,0.7781826342398558,2.2641666666666667
2019-06-01,T6,870.6398999999999,435.31994999999995,1813.8331249999997,2629438.4999999995,217659.97500000003,vpk_threshold,0.6883075855817968,1349.0334
2019-06-01,T7,3149.4666666666667,2024.6571428571424,4724.199999999999,5165551.95,283452.00000000006,cn_rule,0.8999999999999998,3897.0316666666668
2019-06-01,UNALLOCATED,0.0,0.0,0.0,-7586977.125,-806731.5750000001,vpk_threshold,0.0,0.0
2019-07-01,EDGE_AIRCRAFT,0.0,0.0,0.0,-5098079.025,-1907.1000000000001,vpk_threshold,0.8999999999999999,0.0
2019-07-01,EDGE_MONITOR,0.0,0.0,0.0,-36674.625000000735,79983.14999999997,cn_rule,1.0,0.0
2019-07-01,SATELLITE,0.0,0.0,0.0,12027454.725,1747353.534225,value_index_only,1.0,0.0
2019-07-01,T1,3597.645535714287,2878.116428571429,4578.82159090909,88834.20000000004,100734.07500000004,vpk_threshold,0.7905258962099372,12690.391071428572
2019-07-01,T2,2857.335,1818.3040909090907,4000.2690000000007,49527.0749999998,100006.72499999998,cn_rule,0.9,7914.325714285715
2019-07-01,T3,12228.181874999998,8695.596,16304.242499999998,3383759.3399999994,391301.81999999995,prior_allocation,0.4,12255.867000000002
2019-07-01,T4,2028.9724000000006,1383.3902727272728,3043.4586000000004,1315906.4100000001,152172.93000000002,prior_allocation,0.4,2033.5660800000005
2019-07-01,T5,-34.520416666666655,-17.753357142857144,-51.78062499999999,-213712.19999999998,-6213.675,vpk_threshold,0.7537852018797494,1.4895833333333333
2019-07-01,T6,-911.6678999999997,-455.83394999999985,-1899.308125,-3632178.2249999987,-227916.97500000003,vpk_threshold,0.7096028353965366,709.8897
2019-07-01,T7,6735.516666666666,4329.974999999999,10103.275,7704752.250000002,606196.5,cn_rule,0.9,7676.695
2019-07-01,UNALLOCATED,0.0,0.0,0.0,-3349994.7,-406125.525,vpk_threshold,0.0,0.0
2019-08-01,EDGE_AIRCRAFT,0.0,0.0,0.0,1289747.5500000003,565.5000000000001,vpk_threshold,0.9,0.0
2019-08-01,EDGE_MONITOR,0.0,0.0,0.0,-1729501.7999999993,5257.200000000053,cn_rule,1.0,0.0
2019-08-01,SATELLITE,0.0,0.0,0.0,7148156.924999999,573317.55,value_index_only,1.0,0.0
2019-08-01,T1,2733.6562499999995,2186.925,3479.1988636363635,405506.4000000001,76542.375,vpk_threshold,0.7872163754133227,6793.208035714286
2019-08-01,T2,-425.1557142857141,-270.5536363636364,-595.2179999999997,-286043.55,-14880.449999999997,cn_rule,0.8999999999999999,1945.0692857142858
2019-08-01,T3,11250.5810625,8000.413199999999,15000.77475,3045761.0819999995,360018.594,prior_allocation,0.39999999999999997,11383.566187499999
2019-08-01,T4,1866.7630800000002,1272.793009090909,2800.144620000001,1184462.6430000002,140007.231,prior_allocation,0.4,1888.8287599999999
2019-08-01,T5,-14.34333333333333,-7.376571428571428,-21.514999999999993,-85033.64999999998,-2581.8,vpk_threshold,0.7868367518099878,2.8599999999999994
2019-08-01,T6,1234.3617000000002,617.1808500000001,2571.586875,3667867.1249999995,308590.425,vpk_threshold,0.6972809716786124,1447.2197999999999
2019-08-01,T7,2364.494166666667,1520.0319642857141,3546.74125,6154625.1,212804.47499999998,cn_rule,0.9,3097.6616666666664
2019-08-01,UNALLOCATED,0.0,0.0,0.0,-6381457.875000001,-678203.1749999999,vpk_threshold,0.0,0.0
2019-09-01,EDGE_AIRCRAFT,0.0,0.0,0.0,-782313.6749999997,341.2500000000007,vpk_threshold,0.9,0.0
2019-09-01,EDGE_MONITOR,0.0,0.0,0.0,683303.3999999999,129826.12499999996,cn_rule,1.0,0.0
2019-09-01,SATELLITE,0.0,0.0,0.0,5920376.475,980498.0250000001,value_index_only,1.0,0.0
2019-09-01,T1,3219.5544642857144,2575.6435714285717,4097.614772727273,415128.675,90147.525,vpk_threshold,0.7667061363296624,6172.481250000001
2019-09-01,T2,2875.665,1829.9686363636363,4025.9310000000005,522028.64999999997,100648.27500000001,cn_rule,0.9,4394.52
2019-09-01,T3,11370.7985625,8085.901199999998,15161.064749999998,3384307.602,363865.554,prior_allocation,0.39999999999999997,11712.475124999997
2019-09-01,T4,1886.7102800000002,1286.393372727273,2830.06542,1316119.6230000001,141503.271,prior_allocation,0.4,1943.4032800000004
2019-09-01,T5,-4.344166666666666,-2.2341428571428574,-6.51625,-23639.85,-781.95,vpk_threshold,0.7607414188769022,0.0975
2019-09-01,T6,685.2144000000001,342.60720000000003,1427.53,1707775.875,171303.6,vpk_threshold,0.7339275900448464,831.1641
2019-09-01,T7,6131.688333333333,3941.7996428571428,9197.532500000001,10918015.874999996,551851.95,cn_rule,0.9,7457.753333333334
2019-09-01,UNALLOCATED,0.0,0.0,0.0,-7561438.95,-817904.1,vpk_threshold,0.0,0.0
2019-10-01,EDGE_AIRCRAFT,0.0,0.0,0.0,-1512995.2500000002,-1587.3000000000002,vpk_threshold,0.9000000000000001,0.0
2019-10-01,EDGE_MONITOR,0.0,0.0,0.0,-2573043.5250000004,-73515.97499999998,cn_rule,1.0,0.0
2019-10-01,SATELLITE,0.0,0.0,0.0,8020093.574999997,847406.625,value_index_only,1.0,0.0
2019-10-01,T1,-36735.63214285714,-29388.50571428571,-46754.440909090896,-6197205.3,-1028597.7,vpk_threshold,0.6939543847618604,1076.1910714285714
2019-10-01,T2,566.3357142857141,360.39545454545475,792.8700000000003,-49475.40000000014,19821.750000000022,cn_rule,0.8999999999999999,3729.2914285714282
2019-10-01,T3,2972.4215624999997,2113.7219999999998,3963.2287499999993,891156.0059999999,95117.48999999999,prior_allocation,0.39999999999999997,3075.8788125
2019-10-01,T4,493.2018000000001,336.2739545454545,739.8027,346560.66900000005,36990.135,prior_allocation,0.40000000000000013,510.36804000000006
2019-10-01,T5,-32.97666666666667,-16.95942857142857,-49.464999999999996,-193648.65,-5935.799999999999,vpk_threshold,0.7838751452454812,0.9370833333333333
2019-10-01,T6,364.4979000000001,182.24895000000004,759.370625,1608048.0000000002,91124.47499999999,vpk_threshold,0.7990049372973639,656.6157
2019-10-01,T7,2885.545,1854.9932142857144,4328.3175,5935320.300000001,259699.05000000002,cn_rule,0.8999999999999999,3832.5299999999993
2019-10-01,UNALLOCATED,0.0,0.0,0.0,-3037415.5500000003,-341040.37499999994,vpk_threshold,0.0,0.0
2019-11-01,EDGE_AIRCRAFT,0.0,0.0,0.0,2937957.75,476.77499999999986,vpk_threshold,0.9,0.0
2019-11-01,EDGE_MONITOR,0.0,0.0,0.0,1576099.1999999995,228740.84999999995,cn_rule,1.0,0.0
2019-11-01,SATELLITE,0.0,0.0,0.0,4799739.75,262289.625,value_index_only,1.0,0.0
2019-11-01,T1,16319.619642857142,13055.695714285714,20770.425000000003,1097431.725,456949.35,vpk_threshold,0.8572322222426617,23407.17321428571
2019-11-01,T2,1786.7849999999999,1137.045,2501.4989999999993,99814.65000000002,62537.475000000006,cn_rule,0.9,4309.3607142857145
2019-11-01,T3,7528.247999999999,5353.4208,10037.663999999999,1957312.89,240903.93599999996,prior_allocation,0.4,7701.488437499999
2019-11-01,T4,1249.1315200000001,851.680581818182,1873.69728,761177.2350000001,93684.86399999999,prior_allocation,0.4000000000000001,1277.8766
2019-11-01,T5,-11.580833333333333,-5.955857142857143,-17.371249999999996,-98072.325,-2084.55,vpk_threshold,0.8037540201209008,4.9075
2019-11-01,T6,105.86549999999997,52.932749999999984,220.553125,321063.60000000015,26466.375000000004,vpk_threshold,0.8139916515201248,486.24420000000003
2019-11-01,T7,2452.7750000000005,1576.783928571428,3679.1625,4873764.674999999,220749.75,cn_rule,0.8999999999999999,3649.3058333333333
2019-11-01,UNALLOCATED,0.0,0.0,0.0,-5953737.074999999,-612357.525,vpk_threshold,0.0,0.0
2019-12-01,EDGE_AIRCRAFT,0.0,0.0,0.0,5134057.499999999,3463.199999999999,vpk_threshold,0.9000000000000001,0.0
2019-12-01,EDGE_MONITOR,0.0,0.0,0.0,1258814.6999999997,211240.57499999998,cn_rule,1.0,0.0
2019-12-01,SATELLITE,0.0,0.0,0.0,3542775.5999999996,347699.625,value_index_only,1.0,0.0
2019-12-01,T1,44768.900892857135,35815.12071428572,56978.601136363635,4113217.875,1253529.2249999999,vpk_threshold,0.8540133234106302,52054.971428571436
2019-12-01,T2,5551.65,3532.8681818181813,7772.31,415225.1999999999,194307.74999999997,cn_rule,0.9000000000000001,8167.157142857142
2019-12-01,T3,4219.8316875,3000.7691999999997,5626.44225,1227994.56,135034.614,prior_allocation,0.39999999999999997,4403.9750625
2019-12-01,T4,700.1794800000001,477.3951,1050.2692200000001,477553.44000000006,52513.46100000001,prior_allocation,0.3999999999999999,730.73364
2019-12-01,T5,-27.25125,-14.014928571428571,-40.876875,-189089.55000000002,-4905.225,vpk_threshold,0.8245350718287855,0.5741666666666666
2019-12-01,T6,172.9338,86.4669,360.27875,735038.85,43233.45,vpk_threshold,0.7771536483719558,324.3825
2019-12-01,T7,2354.5816666666665,1513.6596428571427,3531.8725,4588217.4,211912.35000000003,cn_rule,0.9,2941.4449999999997
2019-12-01,UNALLOCATED,0.0,0.0,0.0,-3593398.5749999993,-381080.69999999995,vpk_threshold,0.0,0.0
2020-01-01,EDGE_AIRCRAFT,0.0,0.0,0.0,-13623.674999999406,885.3000000000001,vpk_threshold,0.9,0.0
2020-01-01,EDGE_MONITOR,0.0,0.0,0.0,-1862982.224999999,-169333.125,cn_rule,1.0,0.0
2020-01-01,SATELLITE,0.0,0.0,0.0,3309087.6,307330.72500000003,value_index_only,1.0,0.0
2020-01-01,T1,6078.533035714287,4862.826428571429,7736.31477272727,18747.299999999857,170198.92499999996,vpk_threshold,0.8118991068316881,13701.29196428571
2020-01-01,T2,2141.2949999999996,1362.6422727272727,2997.8129999999996,28428.075000000063,74945.32499999997,cn_rule,0.9,4606.847142857143
2020-01-01,T3,4195.195874999999,2983.2504,5593.594499999999,1209574.08,134246.26799999998,prior_allocation,0.4,4199.1885
2020-01-01,T4,696.09176,474.6080181818182,1044.1376400000001,470389.92000000004,52206.882000000005,prior_allocation,0.4,696.75424
2020-01-01,T5,-21.975416666666664,-11.301642857142856,-32.963125000000005,15846.675000000003,-3955.575,vpk_threshold,0.7343092896613094,10.985000000000001
2020-01-01,T6,580.6476000000001,290.32380000000006,1209.6825,2136610.1249999995,145161.90000000002,vpk_threshold,0.7253864792237705,849.8295
2020-01-01,T7,2829.71,1819.099285714286,4244.565,5178039.75,254673.9,cn_rule,0.8999999999999999,3586.3641666666663
2020-01-01,UNALLOCATED,0.0,0.0,0.0,-5652237.825,-663176.4749999999,vpk_threshold,0.0,0.0
2020-02-01,EDGE_AIRCRAFT,0.0,0.0,0.0,-547495.6499999998,-76.04999999999984,vpk_threshold,0.8999999999999999,0.0
2020-02-01,EDGE_MONITOR,0.0,0.0,0.0,65328.900000000096,-4115.475000000011,cn_rule,1.0,0.0
2020-02-01,SATELLITE,0.0,0.0,0.0,5945069.324999999,451496.175,value_index_only,1.0,0.0
2020-02-01,T1,-7930.963392857142,-6344.770714285713,-10093.953409090906,-1466644.7249999996,-222066.97499999995,vpk_threshold,0.685851039215612,1298.7696428571428
2020-02-01,T2,3107.7428571428572,1977.654545454545,4350.839999999999,360372.67500000005,108770.99999999999,cn_rule,0.9,4364.1
2020-02-01,T3,4159.4158125,2957.8068000000003,5545.88775,1134126.63,133101.306,prior_allocation,0.4000000000000001,4284.56925
2020-02-01,T4,690.15492,470.56017272727274,1035.23238,441049.245,51761.619000000006,prior_allocation,0.39999999999999997,710.92112
2020-02-01,T5,-144.56541666666664,-74.34792857142858,-216.84812499999995,-1600780.35,-26021.774999999998,vpk_threshold,0.8729719288423713,2.9412499999999997
2020-02-01,T6,26.80470000000004,13.40235000000002,55.84312499999996,-755374.4250000004,6701.174999999988,vpk_threshold,0.8135239983914099,563.0001
2020-02-01,T7,3026.7033333333334,1945.7378571428571,4540.055,5284239.675,272403.3,cn_rule,0.9,3793.768333333333
2020-02-01,UNALLOCATED,0.0,0.0,0.0,-5071576.575,-552626.0999999999,vpk_threshold,0.0,0.0
2020-03-01,EDGE_AIRCRAFT,0.0,0.0,0.0,-1455875.85,230.10000000000014,vpk_threshold,0.9,0.0
2020-03-01,EDGE_MONITOR,0.0,0.0,0.0,4500848.625000001,273169.65,cn_rule,1.0,0.0
2020-03-01,SATELLITE,0.0,0.0,0.0,8728870.799999999,756854.4750000001,value_index_only,1.0,0.0
2020-03-01,T1,17706.591964285715,14165.273571428572,22535.662499999995,1690377.9749999999,495784.57499999995,vpk_threshold,0.8243283212610252,22211.892857142855
2020-03-01,T2,863.8221428571427,549.7049999999999,1209.351,-215911.80000000005,30233.775000000005,cn_rule,0.9,2212.1914285714283
2020-03-01,T3,8345.683125,5934.708,11127.5775,2643901.182,267061.86,prior_allocation,0.4,8345.683125
2020-03-01,T4,1384.7652,944.158090909091,2077.1478,1028183.7930000002,103857.39,prior_allocation,0.4,1384.7652
2020-03-01,T5,-5.02125,-2.5823571428571426,-7.531874999999999,61830.60000000001,-903.825,vpk_threshold,0.7985006800511676,6.646249999999999
2020-03-01,T6,479.76629999999994,239.88314999999997,999.5131250000001,1799571.1499999997,119941.57500000001,vpk_threshold,0.7632513645452619,662.9180999999999
2020-03-01,T7,3660.691666666667,2353.301785714286,5491.0375,5611542.300000002,329462.25,cn_rule,0.9000000000000001,4212.26
2020-03-01,UNALLOCATED,0.0,0.0,0.0,-2387779.8749999995,-245076.97500000006,vpk_threshold,0.0,0.0
2020-04-01,EDGE_AIRCRAFT,0.0,0.0,0.0,-34450.65000000014,444.6,vpk_threshold,0.8999999999999999,0.0
2020-04-01,EDGE_MONITOR,0.0,0.0,0.0,7714433.025,660570.3,cn_rule,1.0,0.0
2020-04-01,SATELLITE,0.0,0.0,0.0,4986506.850000001,-684218.9249999999,value_index_only,1.0,0.0
2020-04-01,T1,24121.77857142857,19297.422857142858,30700.445454545454,3037726.575,675409.8,vpk_threshold,0.8139467193107217,27009.03214285714
2020-04-01,T2,7065.295714285714,4496.097272727272,9891.413999999999,143598.97499999995,247285.34999999998,cn_rule,0.9,9583.163571428571
2020-04-01,T3,7456.534312499999,5302.4244,9942.04575,2200331.25,238609.09799999997,prior_allocation,0.39999999999999997,7458.245437499999
2020-04-01,T4,1237.23236,843.5675181818181,1855.8485400000004,855684.3750000001,92792.42700000001,prior_allocation,0.4,1237.5162799999998
2020-04-01,T5,-39.85583333333333,-20.497285714285713,-59.78374999999999,-133160.625,-7174.049999999999,vpk_threshold,0.8079545044836464,10.096666666666664
2020-04-01,T6,31.987800000000092,15.993900000000046,66.64125000000003,-592817.55,7996.950000000007,vpk_threshold,0.7939412271408085,396.01380000000006
2020-04-01,T7,1486.8533333333335,955.8342857142857,2230.2799999999997,2235336.675,133816.80000000002,cn_rule,0.9,1862.2608333333335
2020-04-01,UNALLOCATED,0.0,0.0,0.0,2362887.15,247546.65,vpk_threshold,0.0,0.0
2020-05-01,EDGE_AIRCRAFT,0.0,0.0,0.0,-2199267.525,-1879.8000000000004,vpk_threshold,0.9,0.0
2020-05-01,EDGE_MONITOR,0.0,0.0,0.0,1275731.9250000003,288527.85,cn_rule,1.0,0.0
2020-05-01,SATELLITE,0.0,0.0,0.0,5882456.775,434635.4999999999,value_index_only,1.0,0.0
2020-05-01,T1,15448.14375,12358.514999999998,19661.27386363636,1922830.65,432548.02499999997,vpk_threshold,0.7845739025095094,18395.324999999997
2020-05-01,T2,6394.969285714285,4069.5259090909094,8952.956999999999,381797.3250000002,223823.92500000002,cn_rule,0.9,10092.03
2020-05-01,T3,6395.878124999999,4548.18,8527.837499999998,1887266.6280000003,204668.09999999998,prior_allocation,0.4000000000000001,6426.897749999999
2020-05-01,T4,1061.2420000000004,723.5740909090911,1591.863,733937.0220000001,79593.15,prior_allocation,0.40000000000000013,1066.3889600000002
2020-05-01,T5,-2.5566666666666666,-1.314857142857143,-3.834999999999999,-9836.775,-460.19999999999993,vpk_threshold,0.7121098341105906,0.8125
2020-05-01,T6,326.34809999999993,163.17404999999997,679.891875,2264057.2499999995,81587.025,vpk_threshold,0.8149638575889633,532.9350000000001
2020-05-01,T7,422.19666666666683,271.4121428571428,633.2949999999998,1958307.9749999999,37997.7,cn_rule,0.9000000000000001,1390.176666666667
2020-05-01,UNALLOCATED,0.0,0.0,0.0,-4073835.6750000007,-425684.02499999997,vpk_threshold,0.0,0.0
2020-06-01,EDGE_AIRCRAFT,0.0,0.0,0.0,-726064.95,-701.0250000000001,vpk_threshold,0.8999999999999999,0.0
2020-06-01,EDGE_MONITOR,0.0,0.0,0.0,-2129028.525,-125245.57499999998,cn_rule,1.0,0.0
2020-06-01,SATELLITE,0.0,0.0,0.0,6337697.924999999,508771.57500000007,value_index_only,1.0,0.0
2020-06-01,T1,15208.29375,12166.635000000002,19356.01022727273,1670819.4749999999,425832.22500000003,vpk_threshold,0.7758070744043752,20031.200892857145
2020-06-01,T2,12713.554285714286,8090.443636363637,17798.976,1097472.6749999998,444974.4000000001,cn_rule,0.8999999999999999,15249.807857142856
2020-06-01,T3,10069.488,7160.5248,13425.983999999999,2945264.868,322223.616,prior_allocation,0.39999999999999997,10119.6151875
2020-06-01,T4,1670.7891200000001,1139.1744,2506.18368,1145380.7820000001,125309.18400000001,prior_allocation,0.4,1679.10652
2020-06-01,T5,-32.619166666666665,-16.77557142857143,-48.928749999999994,-290382.29999999993,-5871.45,vpk_threshold,0.9269143030488999,0.22208333333333333
2020-06-01,T6,643.9641,321.98205,1341.5918749999998,2909070.45,160991.025,vpk_threshold,0.7549489954555482,775.5344999999999
2020-06-01,T7,2294.315833333332,1474.9173214285713,3441.4737499999997,3651843.9749999996,206488.425,cn_rule,0.9,3014.3424999999997
2020-06-01,UNALLOCATED,0.0,0.0,0.0,-6772339.274999999,-716075.0999999997,vpk_threshold,0.0,0.0
2020-07-01,EDGE_AIRCRAFT,0.0,0.0,0.0,857116.6500000007,-775.1250000000002,vpk_threshold,0.9,0.0
2020-07-01,EDGE_MONITOR,0.0,0.0,0.0,-4056175.5,-229033.35000000003,cn_rule,1.0,0.0
2020-07-01,SATELLITE,0.0,0.0,0.0,3457417.274999999,475542.6,value_index_only,1.0,0.0
2020-07-01,T1,18217.59642857143,14574.077142857142,23186.031818181815,1923011.0250000001,510092.6999999999,vpk_threshold,0.8426901246555211,21671.847321428573
2020-07-01,T2,7335.816428571428,4668.246818181818,10270.143,-1373530.275,256753.57500000004,cn_rule,0.9000000000000001,12643.68857142857
2020-07-01,T3,11793.51225,8386.497599999999,15724.683,2939935.284,377392.392,prior_allocation,0.4,11817.007312499998
2020-07-01,T4,1956.84944,1334.2155272727273,2935.27416,1143308.166,146763.70799999998,prior_allocation,0.39999999999999997,1960.7478800000001
2020-07-01,T5,-17.441666666666666,-8.969999999999997,-26.162499999999998,-117967.19999999998,-3139.5000000000005,vpk_threshold,0.9198880074851661,1.9879166666666666
2020-07-01,T6,871.6851,435.84255,1816.0106249999997,2948946.0,217921.27500000002,vpk_threshold,0.6984541976820762,996.6021000000002
2020-07-01,T7,2311.8225,1486.1716071428573,3467.7337500000003,5378406.15,208064.025,cn_rule,0.8999999999999998,2956.2758333333336
2020-07-01,UNALLOCATED,0.0,0.0,0.0,-8710853.774999999,-935583.675,vpk_threshold,0.0,0.0
2020-08-01,EDGE_AIRCRAFT,0.0,0.0,0.0,239371.27500000002,2586.675,vpk_threshold,0.9,0.0
2020-08-01,EDGE_MONITOR,0.0,0.0,0.0,-5201698.124999999,-397246.2,cn_rule,1.0,0.0
2020-08-01,SATELLITE,0.0,0.0,0.0,-1002810.8999999976,194851.8,value_index_only,1.0,0.0
2020-08-01,T1,19410.683035714286,15528.546428571426,24704.50568181818,1879868.2499999995,543499.1249999999,vpk_threshold,0.8695727956568343,21959.71607142857
2020-08-01,T2,3351.214285714286,2132.5909090909095,4691.700000000001,422034.5999999999,117292.5,cn_rule,0.8999999999999999,5029.662857142856
2020-08-01,T3,10185.076687499999,7242.721200000001,13580.10225,2960247.6539999996,325922.45399999997,prior_allocation,0.4,10185.076687499999
2020-08-01,T4,1689.96828,1152.2511000000002,2534.95242,1151207.421,126747.621,prior_allocation,0.4,1689.96828
2020-08-01,T5,-6.868333333333333,-3.5322857142857136,-10.3025,-61528.350000000006,-1236.3,vpk_threshold,0.7087324863132601,3.2716666666666665
2020-08-01,T6,-331.51169999999996,-165.75584999999998,-690.6493750000002,-642035.5499999999,-82877.92500000003,vpk_threshold,0.6669703594278149,699.5001
2020-08-01,T7,4060.6799999999994,2610.4371428571426,6091.02,8262501.0,365461.19999999995,cn_rule,0.9000000000000001,5364.536666666667
2020-08-01,UNALLOCATED,0.0,0.0,0.0,-6504806.099999998,-680953.65,vpk_threshold,0.0,0.0
2020-09-01,EDGE_AIRCRAFT,0.0,0.0,0.0,4529781.75,2570.0999999999995,vpk_threshold,0.9,0.0
2020-09-01,EDGE_MONITOR,0.0,0.0,0.0,753040.2749999998,74450.99999999996,cn_rule,1.0,0.0
2020-09-01,SATELLITE,0.0,0.0,0.0,10220210.324999996,622709.1000000001,value_index_only,1.0,0.0
2020-09-01,T1,13985.260714285712,11188.208571428573,17799.422727272726,1383719.0250000001,391587.3,vpk_threshold,0.839857582500119,18082.524107142857
2020-09-01,T2,-316.7635714285713,-201.57681818181786,-443.46899999999994,-1474944.9,-11086.724999999991,cn_rule,0.8999999999999999,3323.4407142857144
2020-09-01,T3,7875.738,5600.5248,10500.983999999999,2034207.864,252023.616,prior_allocation,0.4000000000000001,8002.646437499999
2020-09-01,T4,1306.7891200000001,890.9925818181819,1960.18368,791080.8360000001,98009.18400000001,prior_allocation,0.39999999999999997,1327.84652
2020-09-01,T5,1.5166666666666664,0.7800000000000005,2.2750000000000004,43748.25,273.0,vpk_threshold,0.8781900286623098,8.455416666666666
2020-09-01,T6,736.0899,368.04495,1533.5206249999999,3054481.95,184022.47499999998,vpk_threshold,0.7288924691817118,907.2726000000001
2020-09-01,T7,4360.795833333333,2803.3687499999996,6541.19375,7822223.174999999,392471.625,cn_rule,0.9,5213.758333333333
2020-09-01,UNALLOCATED,0.0,0.0,0.0,-6723049.124999999,-713953.5,vpk_threshold,0.0,0.0
2020-10-01,EDGE_AIRCRAFT,0.0,0.0,0.0,1943291.9999999998,674.6999999999999,vpk_threshold,0.9000000000000001,0.0
2020-10-01,EDGE_MONITOR,0.0,0.0,0.0,-50795.55000000005,-32345.625000000004,cn_rule,1.0,0.0
2020-10-01,SATELLITE,0.0,0.0,0.0,6614847.525,816861.825,value_index_only,1.0,0.0
2020-10-01,T1,-1011.6321428571428,-809.3057142857135,-1287.5318181818188,-552522.7499999999,-28325.700000000026,vpk_threshold,0.7094398076962102,9073.245535714284
2020-10-01,T2,3054.9814285714288,1944.0790909090913,4276.973999999998,-989133.5999999999,106924.35,cn_rule,0.8999999999999999,9664.617857142857
2020-10-01,T3,8860.139437499998,6300.5436,11813.519250000001,2209042.368,283524.46199999994,prior_allocation,0.39999999999999997,8884.0513125
2020-10-01,T4,1470.12684,1002.3592090909093,2205.1902600000003,859072.0320000002,110259.51300000002,prior_allocation,0.4,1474.09444
2020-10-01,T5,-1.9662499999999998,-1.0112142857142856,-2.949375,-5797.349999999999,-353.92499999999995,vpk_threshold,0.8179043319445846,0.6608333333333334
2020-10-01,T6,-146.73360000000014,-73.36680000000007,-305.6949999999997,217965.1499999998,-36683.40000000002,vpk_threshold,0.6834012184860216,685.5069
2020-10-01,T7,4108.195000000001,2640.9825,6162.292499999999,7533552.974999999,369737.55000000005,cn_rule,0.9000000000000001,6416.951666666668
2020-10-01,UNALLOCATED,0.0,0.0,0.0,-8653329.749999998,-901367.0249999999,vpk_threshold,0.0,0.0
2020-11-01,EDGE_AIRCRAFT,0.0,0.0,0.0,319309.5749999996,670.8,vpk_threshold,0.9,0.0
2020-11-01,EDGE_MONITOR,0.0,0.0,0.0,-435339.4500000008,-14282.775000000005,cn_rule,1.0,0.0
2020-11-01,SATELLITE,0.0,0.0,0.0,9117697.874999998,1082378.7,value_index_only,1.0,0.0
2020-11-01,T1,16874.429464285717,13499.54357142857,21476.546590909085,2063683.0499999998,472484.02499999997,vpk_threshold,0.8304596089563917,19043.94375
2020-11-01,T2,5056.155000000001,3217.553181818182,7078.616999999999,-1020356.9999999999,176965.425,cn_rule,0.9000000000000001,9184.611428571428
2020-11-01,T3,9269.866124999999,6591.9048,12359.821499999998,1623837.6179999998,296635.71599999996,prior_allocation,0.39999999999999997,9307.708312499999
2020-11-01,T4,1538.1111200000005,1048.7121272727275,2307.1666800000003,631492.4070000001,115358.33400000002,prior_allocation,0.4,1544.39012
2020-11-01,T5,-24.364166666666662,-12.530142857142856,-36.54625,-169287.30000000002,-4385.549999999999,vpk_threshold,0.8531807936189768,0.31958333333333333
2020-11-01,T6,-774.4666799999995,-387.23333999999977,-1613.4722500000007,-1555436.0249999997,-193616.66999999998,vpk_threshold,0.6726473497646522,469.10759999999993
2020-11-01,T7,4167.7458333333325,2679.265178571429,6251.618750000001,7078795.425000001,375097.125,cn_rule,0.9,4828.644166666666
2020-11-01,UNALLOCATED,0.0,0.0,0.0,-4349000.175,-424188.375,vpk_threshold,0.0,0.0
2020-12-01,EDGE_AIRCRAFT,0.0,0.0,0.0,572902.1999999998,-209.62499999999997,vpk_threshold,0.9,0.0
2020-12-01,EDGE_MONITOR,0.0,0.0,0.0,-14702.024999999674,136058.325,cn_rule,1.0,0.0
2020-12-01,SATELLITE,0.0,0.0,0.0,8596192.799999999,754319.2829249998,value_index_only,1.0,0.0
2020-12-01,T1,25887.433928571427,20709.947142857145,32947.64318181818,2382784.9499999997,724848.1499999999,vpk_threshold,0.874038207426901,27811.317857142854
2020-12-01,T2,-2204.753571428572,-1403.0249999999999,-3086.6549999999997,-1532060.4,-77166.37499999997,cn_rule,0.9,3343.2750000000005
2020-12-01,T3,6443.438625,4582.0008,8591.2515,1926883.998,206190.036,prior_allocation,0.4000000000000001,6676.041937499999
2020-12-01,T4,1069.13352,728.9546727272729,1603.70028,749343.7769999999,80185.014,prior_allocation,0.39999999999999997,1107.72844
2020-12-01,T5,-3.840416666666667,-1.975071428571428,-5.760624999999999,-49526.1,-691.2749999999999,vpk_threshold,0.9296546166649243,0.9100000000000001
2020-12-01,T6,763.1364,381.5682,1589.8675000000003,3193087.95,190784.1,vpk_threshold,0.7744408682425103,797.5656
2020-12-01,T7,7775.755,4998.699642857143,11663.632500000002,9610626.674999999,699817.9500000001,cn_rule,0.9,8088.1016666666665
2020-12-01,UNALLOCATED,0.0,0.0,0.0,-4208282.325,-393523.65,vpk_threshold,0.0,0.0
2021-01-01,EDGE_AIRCRAFT,0.0,0.0,0.0,-3897199.8000000003,-1853.3209499999998,vpk_threshold,0.9,0.0
2021-01-01,EDGE_MONITOR,0.0,0.0,0.0,3642129.074999999,411373.95,cn_rule,1.0,0.0
2021-01-01,SATELLITE,0.0,0.0,0.0,3362979.749999999,484788.52499999997,value_index_only,1.0,0.0
2021-01-01,T1,8663.153571428571,6930.522857142856,11025.831818181816,1022969.025,242568.3,vpk_threshold,0.8326591937065673,8725.100892857141
2021-01-01,T2,4416.722142857143,2810.641363636364,6183.411,1050634.6500000001,154585.275,cn_rule,0.9,4820.260714285714
2021-01-01,T3,4905.4882499999985,3488.3471999999992,6540.651,1761429.618,156975.62399999995,prior_allocation,0.4,5271.186374999999
2021-01-01,T4,813.94768,554.9643272727274,1220.9215200000003,685000.407,61046.07600000001,prior_allocation,0.39999999999999997,874.62648
2021-01-01,T5,-40.47333333333333,-20.81485714285714,-60.709999999999994,-228548.775,-7285.199999999999,vpk_threshold,0.7662240681147287,1.4516666666666667
2021-01-01,T6,-773.1087000000003,-386.55435000000017,-1610.6431249999991,-1548650.9999999995,-193277.17500000002,vpk_threshold,0.7101403144337867,677.6561999999999
2021-01-01,T7,4114.3375,2644.9312499999996,6171.50625,6458569.65,370290.37500000006,cn_rule,0.9000000000000001,4359.658333333333
2021-01-01,UNALLOCATED,0.0,0.0,0.0,122527.27500000005,40364.99999999998,vpk_threshold,0.0,0.0
2021-02-01,EDGE_AIRCRAFT,0.0,0.0,0.0,-3530171.7750000004,-3406.6499999999996,vpk_threshold,0.9,0.0
2021-02-01,EDGE_MONITOR,0.0,0.0,0.0,-121114.50000000019,99650.84999999998,cn_rule,1.0,0.0
2021-02-01,SATELLITE,0.0,0.0,0.0,8323059.225000001,897451.4249999999,value_index_only,1.0,0.0
2021-02-01,T1,25498.826785714282,20399.06142857143,32453.05227272727,2698658.6249999995,713967.15,vpk_threshold,0.8538552777255974,25902.40714285714
2021-02-01,T2,3377.1771428571433,2149.1127272727276,4728.048,-1041154.7249999997,118201.19999999998,cn_rule,0.9,7279.795714285714
2021-02-01,T3,3743.15175,2661.7968,4990.869,1041093.378,119780.856,prior_allocation,0.4,4274.127
2021-02-01,T4,621.0859200000001,423.4676727272728,931.6288799999999,404869.6470000001,46581.44400000001,prior_allocation,0.39999999999999997,709.1884800000001
2021-02-01,T5,-67.93583333333333,-34.938428571428574,-101.90375,-303531.15,-12228.45,vpk_threshold,0.6875159523983384,1.04
2021-02-01,T6,-2379.0732224999997,-1189.5366112499999,-4956.402546875001,-5819450.324999999,-594768.3056249999,vpk_threshold,0.6776827395327056,721.1840999999998
2021-02-01,T7,6432.291666666666,4135.044642857143,9648.4375,9013110.599999998,578906.25,cn_rule,0.9,6784.299166666666
2021-02-01,UNALLOCATED,0.0,0.0,0.0,-1596372.375,-155831.325,vpk_threshold,0.0,0.0
2021-03-01,EDGE_AIRCRAFT,0.0,0.0,0.0,-1043746.2750000017,588.9000000000002,vpk_threshold,0.8999999999999999,0.0
2021-03-01,EDGE_MONITOR,0.0,0.0,0.0,-1929044.3249999976,245567.39999999997,cn_rule,1.0,0.0
2021-03-01,SATELLITE,0.0,0.0,0.0,5487778.725,809770.65,value_index_only,1.0,0.0
2021-03-01,T1,23650.157142857144,18920.125714285714,30100.200000000004,2801466.525,662204.4,vpk_threshold,0.839519819501055,25148.070535714283
2021-03-01,T2,12165.353571428568,7741.5886363636355,17031.495000000003,1064165.6999999997,425787.375,cn_rule,0.9000000000000001,13563.531428571427
2021-03-01,T3,13110.9688125,9323.355599999999,17481.291749999997,3452014.0979999993,419551.002,prior_allocation,0.4000000000000001,14077.337624999998
2021-03-01,T4,2175.44964,1483.2611181818186,3263.1744600000006,1342449.9270000001,163158.72300000003,prior_allocation,0.4,2335.7952800000003
2021-03-01,T5,-52.0975,-26.793,-78.14625,-231346.05,-9377.55,vpk_threshold,0.6900252975571134,10.02625
2021-03-01,T6,-1572.909,-786.4545,-3276.89375,-3966176.1750000003,-393227.25000000006,vpk_threshold,0.6740532608733768,641.1404999999999
2021-03-01,T7,6762.1775,4347.114107142858,10143.26625,10176277.799999997,608595.975,cn_rule,0.8999999999999999,7367.284166666666
2021-03-01,UNALLOCATED,0.0,0.0,0.0,-1225616.9250000003,-90524.84999999998,vpk_threshold,0.0,0.0
2021-04-01,EDGE_AIRCRAFT,0.0,0.0,0.0,802198.8000000012,-1328.9250000000004,vpk_threshold,0.9,0.0
2021-04-01,EDGE_MONITOR,0.0,0.0,0.0,2822161.8749999995,521168.6999999999,cn_rule,1.0,0.0
2021-04-01,SATELLITE,0.0,0.0,0.0,6165918.525,760598.475,value_index_only,1.0,0.0
2021-04-01,T1,34979.169642857145,27983.335714285713,44518.94318181818,4193217.5999999996,979416.75,vpk_threshold,0.8124862517591845,35100.34821428572
2021-04-01,T2,15530.10642857143,9882.795,21742.148999999998,905069.1000000001,543553.725,cn_rule,0.8999999999999999,19312.07571428571
2021-04-01,T3,13425.179624999999,9546.7944,17900.2395,3809728.7279999997,429605.74799999996,prior_allocation,0.4,13824.0253125
2021-04-01,T4,2227.58536,1518.8082,3341.3780400000005,1481561.1720000003,167068.90200000006,prior_allocation,0.4,2293.7642
2021-04-01,T5,-461.49458333333325,-237.3400714285714,-692.2418749999999,-2216804.85,-83069.02499999998,vpk_threshold,0.7072756751483585,0.8991666666666667
2021-04-01,T6,-1182.5618999999997,-591.2809499999998,-2463.670625,-2997173.4000000004,-295640.47500000003,vpk_threshold,0.6726251456737613,650.7228
2021-04-01,T7,7567.95,4865.110714285714,11351.925,10494217.500000002,681115.5,cn_rule,0.9000000000000001,7921.7558333333345
2021-04-01,UNALLOCATED,0.0,0.0,0.0,-967077.1500000004,-87818.25000000001,vpk_threshold,0.0,0.0
2021-05-01,EDGE_AIRCRAFT,0.0,0.0,0.0,-1545535.875,4993.950000000001,vpk_threshold,0.8999999999999999,0.0
2021-05-01,EDGE_MONITOR,0.0,0.0,0.0,-12185898.074999997,364494.0000000001,cn_rule,1.0,0.0
2021-05-01,SATELLITE,0.0,0.0,0.0,-13737492.600000001,768425.775,value_index_only,1.0,0.0
2021-05-01,T1,38305.103571428575,30644.082857142857,48751.950000000004,4190284.8000000003,1072542.9,vpk_threshold,0.8424677464003024,38526.70714285714
2021-05-01,T2,24642.679285714283,15681.704999999998,34499.751,3300401.3249999997,862493.7749999999,cn_rule,0.9,26168.359285714283
2021-05-01,T3,17727.386625000003,12606.1416,23636.51549999999,4831154.874000001,567276.3720000001,prior_allocation,0.3999999999999999,18849.862687499997
2021-05-01,T4,2941.4330399999994,2005.522527272727,4412.149560000001,1878782.451,220607.47800000003,prior_allocation,0.3999999999999999,3127.68092
2021-05-01,T5,-11.613333333333332,-5.972571428571428,-17.419999999999998,-84484.72500000002,-2090.4,vpk_threshold,0.7028430475291032,5.828333333333333
2021-05-01,T6,-349.3308000000001,-174.66540000000006,-727.7725,-748651.8,-87332.69999999998,vpk_threshold,0.6950460465020858,690.8030999999999
2021-05-01,T7,5990.248333333332,3850.873928571428,8985.372500000001,7817839.574999999,539122.3500000001,cn_rule,0.9,6602.840833333332
2021-05-01,UNALLOCATED,0.0,0.0,0.0,-4438820.1,-361685.02499999997,vpk_threshold,0.0,0.0
2021-06-01,EDGE_AIRCRAFT,0.0,0.0,0.0,-3491940.075,4468.424999999999,vpk_threshold,0.8999999999999999,0.0
2021-06-01,EDGE_MONITOR,0.0,0.0,0.0,722956.6499999997,188176.95,cn_rule,1.0,0.0
2021-06-01,SATELLITE,0.0,0.0,0.0,11073537.149999999,1264073.85,value_index_only,1.0,0.0
2021-06-01,T1,38766.66160714286,31013.32928571428,49339.3875,3867457.4250000003,1085466.525,vpk_threshold,0.8279572287495384,41667.25178571428
2021-06-01,T2,12512.314285714287,7962.381818181819,17517.24,1563648.4500000002,437931.0,cn_rule,0.8999999999999999,14692.525714285714
2021-06-01,T3,16127.945437499999,11468.761199999999,21503.927249999997,2782219.05,516094.25399999996,prior_allocation,0.39999999999999997,16537.101749999998
2021-06-01,T4,2676.04428,1824.5756454545458,4014.06642,1081974.0749999997,200703.32100000005,prior_allocation,0.4000000000000001,2743.93392
2021-06-01,T5,-89.61333333333334,-46.08685714285714,-134.42,-508702.3499999999,-16130.4,vpk_threshold,0.7534509082623874,2.1179166666666664
2021-06-01,T6,-979.4616000000003,-489.73080000000016,-2040.5449999999998,-1747510.05,-244865.39999999994,vpk_threshold,0.6866172261292882,491.1660000000001
2021-06-01,T7,4891.824166666667,3144.7441071428575,7337.73625,8626882.875,440264.175,cn_rule,0.8999999999999999,5696.199166666667
2021-06-01,UNALLOCATED,0.0,0.0,0.0,-1843162.4249999998,-111138.30000000002,vpk_threshold,0.0,0.0
2021-07-01,EDGE_AIRCRAFT,0.0,0.0,0.0,296834.8500000002,758.5499999999994,vpk_threshold,0.9000000000000001,0.0
2021-07-01,EDGE_MONITOR,0.0,0.0,0.0,2640137.175,281439.6000000001,cn_rule,1.0,0.0
2021-07-01,SATELLITE,0.0,0.0,0.0,11340614.024999999,1068218.4337499999,value_index_only,1.0,0.0
2021-07-01,T1,26959.411607142858,21567.529285714285,34311.97840909091,3052062.0,754863.5249999999,vpk_threshold,0.8431434534532528,27861.286607142858
2021-07-01,T2,11865.192857142856,7550.577272727273,16611.27,1262042.9249999998,415281.75,cn_rule,0.8999999999999999,13727.637857142856
2021-07-01,T3,10470.856499999998,7445.942399999999,13961.142,2750183.28,335067.40799999994,prior_allocation,0.4000000000000001,11218.0696875
2021-07-01,T4,1737.38656,1184.5817454545456,2606.07984,1069515.7200000002,130303.992,prior_allocation,0.4000000000000001,1861.3686
2021-07-01,T5,-43.92375,-22.589357142857143,-65.88562499999999,-180491.99999999997,-7906.274999999999,vpk_threshold,0.7401400681441951,44.93125
2021-07-01,T6,-1390.7361,-695.36805,-2897.3668749999997,-2934279.0749999997,-347684.025,vpk_threshold,0.6874468801570534,646.0427999999999
2021-07-01,T7,7742.1825,4977.117321428572,11613.27375,11445730.725,696796.425,cn_rule,0.9,8424.324999999999
2021-07-01,UNALLOCATED,0.0,0.0,0.0,-230476.35000000006,15598.050000000008,vpk_threshold,0.0,0.0
2021-08-01,EDGE_AIRCRAFT,0.0,0.0,0.0,5152249.050000002,3771.2999999999997,vpk_threshold,0.8999999999999999,0.0
2021-08-01,EDGE_MONITOR,0.0,0.0,0.0,-229421.39999999953,2397.5250000000215,cn_rule,1.0,0.0
2021-08-01,SATELLITE,0.0,0.0,0.0,8271484.6499999985,743603.25,value_index_only,1.0,0.0
2021-08-01,T1,6782.239285714285,5425.791428571428,8631.940909090908,799578.975,189902.69999999998,vpk_threshold,0.8533698449596331,7605.174107142857
2021-08-01,T2,10634.143928571426,6767.1825,14887.8015,859911.9750000001,372195.03750000003,cn_rule,0.9,12552.790714285711
2021-08-01,T3,16558.995375,11775.2856,22078.6605,4585973.652,529887.852,prior_allocation,0.4,17689.895437499996
2021-08-01,T4,2747.5666400000005,1873.3408909090913,4121.34996,1783434.1980000003,206067.49800000005,prior_allocation,0.4,2935.2122800000006
2021-08-01,T5,-82.93458333333334,-42.65207142857143,-124.40187499999999,-563567.55,-14928.224999999999,vpk_threshold,0.8094247690915457,1.3216666666666665
2021-08-01,T6,-1105.9439625000002,-552.9719812500001,-2304.049921874999,-2931458.3999999994,-276485.99062500003,vpk_threshold,0.6818144348498368,753.5214374999999
2021-08-01,T7,4745.855833333333,3050.907321428572,7118.7837500000005,7412180.100000001,427127.025,cn_rule,0.9000000000000001,5457.6275000000005
2021-08-01,UNALLOCATED,0.0,0.0,0.0,-1521792.6749999998,-110024.85,vpk_threshold,0.0,0.0
2021-09-01,EDGE_AIRCRAFT,0.0,0.0,0.0,-4794894.0,3643.5749999999994,vpk_threshold,0.9,0.0
2021-09-01,EDGE_MONITOR,0.0,0.0,0.0,3739536.4499999997,383751.2250000001,cn_rule,1.0,0.0
2021-09-01,SATELLITE,0.0,0.0,0.0,8425459.575,1069462.875,value_index_only,1.0,0.0
2021-09-01,T1,6640.237499999999,5312.19,8451.211363636363,851210.1,185926.65,vpk_threshold,0.7848002301988293,6648.942857142856
2021-09-01,T2,995.0849999999999,633.2359090909088,1393.1190000000006,-489407.1000000001,34827.975000000006,cn_rule,0.8999999999999998,3376.62
2021-09-01,T3,12234.850874999998,8700.338399999999,16313.134499999998,2930514.444,391515.22799999994,prior_allocation,0.4,12731.099062499998
2021-09-01,T4,2030.0789600000003,1384.1447454545455,3045.11844,1139644.506,152255.92200000002,prior_allocation,0.4,2112.4194
2021-09-01,T5,-269.28416666666664,-138.489,-403.92625,-1083416.1,-48471.15,vpk_threshold,0.6410728032033549,15.621666666666668
2021-09-01,T6,-478.8771,-239.43855,-997.6606249999999,-1253545.8,-119719.27499999997,vpk_threshold,0.6971769196962624,627.2487
2021-09-01,T7,7875.551666666667,5062.854642857143,11813.3275,10728603.599999998,708799.6499999999,cn_rule,0.9,8527.642499999998
2021-09-01,UNALLOCATED,0.0,0.0,0.0,-2375570.9250000003,-157174.875,vpk_threshold,0.0,0.0
2021-10-01,EDGE_AIRCRAFT,0.0,0.0,0.0,7994684.100000001,9045.075000000003,vpk_threshold,0.9,0.0
2021-10-01,EDGE_MONITOR,0.0,0.0,0.0,32097724.425,525815.55,cn_rule,1.0,0.0
2021-10-01,SATELLITE,0.0,0.0,0.0,8600980.05,1025201.933925,value_index_only,1.0,0.0
2021-10-01,T1,20568.39107142857,16454.712857142855,26177.95227272727,2653847.625,575914.95,vpk_threshold,0.7842145958777452,20568.39107142857
2021-10-01,T2,82.34571428571437,52.40181818181847,115.28399999999974,-627767.3999999999,2882.1,cn_rule,0.8999999999999999,2201.800714285714
2021-10-01,T3,6460.001437499999,4593.7788,8613.335249999998,1834694.55,206720.04599999997,prior_allocation,0.4000000000000001,7611.676312499998
2021-10-01,T4,1071.88172,730.8284454545454,1607.8225800000002,713492.3250000001,80391.12900000002,prior_allocation,0.39999999999999997,1262.9744400000002
2021-10-01,T5,-101.90916666666669,-52.41042857142857,-152.86374999999995,-558560.9249999999,-18343.65,vpk_threshold,0.7456507511813396,3.401666666666666
2021-10-01,T6,-768.9435,-384.47175,-1601.9656249999998,-1551282.525,-192235.875,vpk_threshold,0.6661163982493642,860.9172000000001
2021-10-01,T7,6050.004999999999,3889.288928571428,9075.0075,8834319.0,544500.4500000001,cn_rule,0.8999999999999999,6958.6725
2021-10-01,UNALLOCATED,0.0,0.0,0.0,-3321390.150000001,-262533.375,vpk_threshold,0.0,0.0
2021-11-01,EDGE_AIRCRAFT,0.0,0.0,0.0,759825.2999999989,820.9500000000007,vpk_threshold,0.9,0.0
2021-11-01,EDGE_MONITOR,0.0,0.0,0.0,1170822.9,162460.35,cn_rule,1.0,0.0
2021-11-01,SATELLITE,0.0,0.0,0.0,11562561.075,843871.7137500001,value_index_only,1.0,0.0
2021-11-01,T1,17802.699107142857,14242.159285714286,22657.980681818182,2120119.9499999997,498475.575,vpk_threshold,0.8188696012265587,17804.50982142857
2021-11-01,T2,6089.014285714285,3874.827272727272,8524.619999999999,1356581.85,213115.5,cn_rule,0.9,6784.328571428571
2021-11-01,T3,5915.622374999999,4206.6648,7887.4965,1737190.26,189299.91599999997,prior_allocation,0.39999999999999997,6566.815124999999
2021-11-01,T4,981.5551200000001,669.2421272727273,1472.3326800000002,675573.99,73616.634,prior_allocation,0.39999999999999997,1089.6048800000003
2021-11-01,T5,17.344166666666666,8.91985714285714,26.016250000000003,32332.949999999993,3121.9499999999994,vpk_threshold,0.6524487585528271,24.077083333333334
2021-11-01,T6,-1686.4107000000001,-843.2053500000001,-3513.3556249999997,-4522020.750000001,-421602.67499999993,vpk_threshold,0.6801387301961758,897.429
2021-11-01,T7,6377.9191666666675,4100.090892857143,9566.878749999998,8132885.474999999,574012.7250000001,cn_rule,0.9000000000000001,6786.996666666668
2021-11-01,UNALLOCATED,0.0,0.0,0.0,-1524855.1499999997,-91406.24999999999,vpk_threshold,0.0,0.0
2021-12-01,EDGE_AIRCRAFT,0.0,0.0,0.0,6579701.699999999,6502.275,vpk_threshold,0.8999999999999999,0.0
2021-12-01,EDGE_MONITOR,0.0,0.0,0.0,2024645.025,380882.7749999999,cn_rule,1.0,0.0
2021-12-01,SATELLITE,0.0,0.0,0.0,10481282.174999999,804002.5987499999,value_index_only,1.0,0.0
2021-12-01,T1,21245.87678571428,16996.70142857143,27040.206818181818,1576425.825,594884.55,vpk_threshold,0.9082094152001322,21246.886607142857
2021-12-01,T2,8134.062857142858,5176.221818181818,11387.688,2163588.375,284692.19999999995,cn_rule,0.9000000000000001,9243.417857142857
2021-12-01,T3,17772.775312499994,12638.418000000001,23697.033749999995,5217834.023999999,568728.8099999998,prior_allocation,0.3999999999999999,19019.220187499996
2021-12-01,T4,2948.9642000000003,2010.6574090909094,4423.4463,2029157.6760000002,221172.315,prior_allocation,0.4,3155.781720000001
2021-12-01,T5,14.94458333333333,7.685785714285714,22.416875,67414.425,2690.025,vpk_threshold,0.70728405734535,20.886666666666663
2021-12-01,T6,-848.2539,-424.12695,-1767.195625,-1884565.7999999993,-212063.475,vpk_threshold,0.6969616579072746,605.7714000000002
2021-12-01,T7,5193.738333333335,3338.8317857142856,7790.6075,7886908.574999999,467436.45,cn_rule,0.9000000000000001,5814.120000000001
2021-12-01,UNALLOCATED,0.0,0.0,0.0,-3561168.0,-381402.44999999995,vpk_threshold,0.0,0.0
2022-01-01,EDGE_AIRCRAFT,0.0,0.0,0.0,1393275.975,5133.375,vpk_threshold,0.9,0.0
2022-01-01,EDGE_MONITOR,0.0,0.0,0.0,6709829.1,522552.22499999986,cn_rule,1.0,0.0
2022-01-01,SATELLITE,0.0,0.0,0.0,15355071.225,1287796.575,value_index_only,1.0,0.0
2022-01-01,T1,3233.6919642857138,2586.953571428572,4115.607954545455,481717.27499999997,90543.375,vpk_threshold,0.7253010876954863,3499.8321428571426
2022-01-01,T2,7899.9514285714295,5027.241818181819,11059.931999999999,1713997.3500000003,276498.29999999993,cn_rule,0.8999999999999999,8766.810000000001
2022-01-01,T3,12802.659187500001,9104.1132,17070.212249999997,3276826.488,409685.09400000004,prior_allocation,0.4,13785.437249999999
2022-01-01,T4,2124.2930800000004,1448.3816454545456,3186.43962,1274321.412,159321.981,prior_allocation,0.39999999999999997,2287.3614400000006
2022-01-01,T5,-42.62916666666668,-21.923571428571428,-63.943749999999994,-39054.600000000006,-7673.25,vpk_threshold,0.7029190295265886,7.924583333333333
2022-01-01,T6,840.9258000000002,420.4629000000001,1751.9287499999998,4253830.425000001,210231.44999999998,vpk_threshold,0.7791689148876003,891.7428000000001
2022-01-01,T7,6060.946666666666,3896.322857142858,9091.419999999998,9874365.149999997,545485.2,cn_rule,0.9,7879.018333333333
2022-01-01,UNALLOCATED,0.0,0.0,0.0,1726659.675,182962.65,vpk_threshold,0.0,0.0
2022-02-01,EDGE_AIRCRAFT,0.0,0.0,0.0,-1766671.7250000003,3757.649999999999,vpk_threshold,0.9000000000000001,0.0
2022-02-01,EDGE_MONITOR,0.0,0.0,0.0,5872309.949999999,463477.95,cn_rule,1.0,0.0
2022-02-01,SATELLITE,0.0,0.0,0.0,13299084.825000001,1165476.975,value_index_only,1.0,0.0
2022-02-01,T1,9096.332142857142,7277.065714285714,11577.149999999998,1376132.5499999998,254697.3,vpk_threshold,0.7374969151492946,9268.35
2022-02-01,T2,7021.504285714286,4468.23,9830.105999999998,677417.325,245752.64999999997,cn_rule,0.9,9687.934285714284
2022-02-01,T3,5991.438374999999,4260.578399999999,7988.5845,1731261.8699999999,191726.02799999996,prior_allocation,0.4000000000000001,7566.0901875
2022-02-01,T4,994.13496,677.8192909090909,1491.20244,673268.505,74560.122,prior_allocation,0.4,1255.4105200000001
2022-02-01,T5,-232.8895833333333,-119.7717857142857,-349.33437499999997,-957680.0999999999,-41920.125,vpk_threshold,0.6985013652793641,84.49458333333334
2022-02-01,T6,1057.1691000000003,528.5845500000001,2202.435625,4394778.374999999,264292.2750000001,vpk_threshold,0.7486998176865219,1155.7221
2022-02-01,T7,9561.391666666668,6146.608928571429,14342.087499999996,3469877.775000001,860525.2500000001,cn_rule,0.9,18405.421666666665
2022-02-01,UNALLOCATED,0.0,0.0,0.0,185057.92499999973,73224.44999999998,vpk_threshold,0.0,0.0
2022-03-01,EDGE_AIRCRAFT,0.0,0.0,0.0,624089.7000000003,358.7999999999997,vpk_threshold,0.8999999999999999,0.0
2022-03-01,EDGE_MONITOR,0.0,0.0,0.0,10141565.849999998,656638.125,cn_rule,1.0,0.0
2022-03-01,SATELLITE,0.0,0.0,0.0,22286039.1,1573601.25,value_index_only,1.0,0.0
2022-03-01,T1,25852.194642857143,20681.755714285715,32902.79318181818,3770392.275,723861.45,vpk_threshold,0.7443292559180869,27121.74910714286
2022-03-01,T2,6206.822142857143,3949.7959090909085,8689.551,865097.0249999999,217238.77500000002,cn_rule,0.9000000000000002,7776.460714285715
2022-03-01,T3,20813.948999999997,14801.030399999998,27751.931999999997,6091230.833999999,666046.3679999999,prior_allocation,0.4000000000000001,23187.981375
2022-03-01,T4,3453.57376,2354.7093818181816,5180.360640000001,2368811.991,259018.03199999998,prior_allocation,0.4,3847.4872800000003
2022-03-01,T5,-213.4708333333333,-109.785,-320.20625000000007,-1074182.8499999999,-38424.75,vpk_threshold,0.7214611734356811,65.68791666666668
2022-03-01,T6,1796.5233,898.26165,3742.756875,7585487.324999999,449130.825,vpk_threshold,0.7549676851515996,1915.1262000000002
2022-03-01,T7,3309.9625,2127.833035714286,4964.94375,7656174.825,297896.62500000006,cn_rule,0.9000000000000001,11095.586666666666
2022-03-01,UNALLOCATED,0.0,0.0,0.0,4722494.399999999,490034.025,vpk_threshold,0.0,0.0
2022-04-01,EDGE_AIRCRAFT,0.0,0.0,0.0,-1201144.4250000003,876.5250000000003,vpk_threshold,0.8999999999999999,0.0
2022-04-01,EDGE_MONITOR,0.0,0.0,0.0,10662547.350000001,1082397.225,cn_rule,1.0,0.0
2022-04-01,SATELLITE,0.0,0.0,0.0,12731692.35,1004527.8749999998,value_index_only,1.0,0.0
2022-04-01,T1,23692.987499999996,18954.390000000003,30154.71136363637,4097644.1999999997,663403.65,vpk_threshold,0.6933505870374169,25601.0625
2022-04-01,T2,19029.52071428571,12109.695,26641.328999999998,3147994.1999999997,666033.225,cn_rule,0.9000000000000002,21067.07571428571
2022-04-01,T3,21406.107937499997,15222.121200000001,28541.477250000004,5857763.184,684995.4539999999,prior_allocation,0.4000000000000001,23195.791124999996
2022-04-01,T4,3551.82828,2421.7011,5327.7424200000005,2278019.0160000003,266387.12100000004,prior_allocation,0.4,3848.78312
2022-04-01,T5,81.89458333333334,42.11721428571428,122.84187499999999,441131.925,14741.025,vpk_threshold,0.7198013351707327,89.22874999999999
2022-04-01,T6,1657.0124999999998,828.5062499999999,3452.109374999999,7493372.249999998,414253.1249999999,vpk_threshold,0.7710695106121007,1740.1215
2022-04-01,T7,960.6783333333335,617.5789285714284,1441.0174999999995,4504993.349999999,86461.04999999999,cn_rule,0.8999999999999998,7098.844999999999
2022-04-01,UNALLOCATED,0.0,0.0,0.0,975393.8999999999,138506.55000000002,vpk_threshold,0.0,0.0
2022-05-01,EDGE_AIRCRAFT,0.0,0.0,0.0,3060940.3499999996,2042.6249999999993,vpk_threshold,0.9000000000000001,0.0
2022-05-01,EDGE_MONITOR,0.0,0.0,0.0,12634471.2,803941.1250000001,cn_rule,1.0,0.0
2022-05-01,SATELLITE,0.0,0.0,0.0,12855503.7,1143717.9,value_index_only,1.0,0.0
2022-05-01,T1,37278.916071428575,29823.132857142857,47445.89318181818,6066769.8,1043809.6499999999,vpk_threshold,0.7117765953526115,37724.7
2022-05-01,T2,21819.998571428572,13885.453636363638,30547.998,4733369.550000001,763699.9500000001,cn_rule,0.9,22907.875714285714
2022-05-01,T3,4704.8259375,3345.654,6273.10125,1202354.01,150554.43,prior_allocation,0.4000000000000001,6111.1293749999995
2022-05-01,T4,780.6526000000001,532.2631363636364,1170.9789,467582.11499999993,58548.94500000001,prior_allocation,0.4000000000000001,1013.9947999999999
2022-05-01,T5,54.99000000000001,28.280571428571427,82.48499999999999,224059.875,9898.2,vpk_threshold,0.7314959896147144,68.30416666666666
2022-05-01,T6,1910.9649,955.48245,3981.176874999999,6904922.7,477741.2250000001,vpk_threshold,0.7292160702440456,2032.3914000000002
2022-05-01,T7,2522.5633333333335,1621.6478571428574,3783.8450000000007,6021087.1499999985,227030.69999999998,cn_rule,0.8999999999999999,7553.931666666667
2022-05-01,UNALLOCATED,0.0,0.0,0.0,-135126.22500000015,71570.85,vpk_threshold,0.0,0.0
2022-06-01,EDGE_AIRCRAFT,0.0,0.0,0.0,-783508.0500000002,435.825,vpk_threshold,0.9,0.0
2022-06-01,EDGE_MONITOR,0.0,0.0,0.0,9806814.225,601524.3,cn_rule,1.0,0.0
2022-06-01,SATELLITE,0.0,0.0,0.0,19087651.05,1457246.7731249998,value_index_only,1.0,0.0
2022-06-01,T1,17857.751785714285,14286.201428571427,22728.04772727273,2710626.75,500017.04999999993,vpk_threshold,0.7451470247303509,18641.79107142857
2022-06-01,T2,9485.557714285715,6036.264,13279.780799999997,-636749.1000000004,331994.51999999996,cn_rule,0.9,12889.026428571427
2022-06-01,T3,3514.080375,2498.9016000000006,4685.4405,1015446.51,112450.572,prior_allocation,0.4,7879.599
2022-06-01,T4,583.0770400000001,397.5525272727273,874.61556,394895.86499999993,43730.778,prior_allocation,0.4,1307.42976
2022-06-01,T5,-20.875833333333325,-10.736142857142855,-31.313750000000002,-59030.4,-3757.6499999999996,vpk_threshold,0.7267300466652251,16.060416666666665
2022-06-01,T6,1200.0027,600.00135,2500.005625,4483008.074999999,300000.675,vpk_threshold,0.7692759701332044,1439.2287000000001
2022-06-01,T7,2941.889166666667,1891.214464285714,4412.833750000001,5888683.125,264770.02499999997,cn_rule,0.9,7615.768333333332
2022-06-01,UNALLOCATED,0.0,0.0,0.0,1111642.3499999999,114114.975,vpk_threshold,0.0,0.0
2022-07-01,EDGE_AIRCRAFT,0.0,0.0,0.0,-1237029.3000000007,-1004.2500000000003,vpk_threshold,0.9,0.0
2022-07-01,EDGE_MONITOR,0.0,0.0,0.0,9238275.149999999,727559.6249999999,cn_rule,1.0,0.0
2022-07-01,SATELLITE,0.0,0.0,0.0,13869190.725,905577.391875,value_index_only,1.0,0.0
2022-07-01,T1,4169.030357142858,3335.2242857142855,5306.038636363636,746790.5249999999,116732.84999999999,vpk_threshold,0.6801653334760569,4651.1678571428565
2022-07-01,T2,2184.5292857142863,1390.1550000000002,3058.341,330720.0,76458.525,cn_rule,0.9,4693.76142857143
2022-07-01,T3,8423.4515625,5990.009999999999,11231.26875,2747463.732,269550.45,prior_allocation,0.4,11518.350187499998
2022-07-01,T4,1397.6689999999999,952.9561363636363,2096.5035,1068458.118,104825.175,prior_allocation,0.4,1911.19292
2022-07-01,T5,-57.96916666666668,-29.81271428571428,-86.95375,-356070.975,-10434.45,vpk_threshold,0.7442170216661447,44.33541666666667
2022-07-01,T6,2280.0452999999998,1140.0226499999999,4750.094375000001,10983138.075,570011.3250000001,vpk_threshold,0.7952533855759293,2419.6146
2022-07-01,T7,1950.3249999999998,1253.7803571428576,2925.4874999999993,6414528.9,175529.24999999997,cn_rule,0.8999999999999999,8282.386666666667
2022-07-01,UNALLOCATED,0.0,0.0,0.0,1454823.825,181798.5,vpk_threshold,0.0,0.0
2022-08-01,EDGE_AIRCRAFT,0.0,0.0,0.0,-2373459.075000001,-1287.9750000000001,vpk_threshold,0.9,0.0
2022-08-01,EDGE_MONITOR,0.0,0.0,0.0,7398451.124999998,578498.7,cn_rule,1.0,0.0
2022-08-01,SATELLITE,0.0,0.0,0.0,10873505.174999999,712873.2,value_index_only,1.0,0.0
2022-08-01,T1,-401.3517857142856,-321.08142857142866,-510.8113636363639,110314.42499999996,-11237.850000000006,vpk_threshold,0.7698139288725101,1972.8080357142858
2022-08-01,T2,3186.745714285714,2027.9290909090907,4461.444,685886.175,111536.1,cn_rule,0.9000000000000001,4184.0314285714285
2022-08-01,T3,5959.1683125,4237.630799999999,7945.557749999999,1723674.654,190693.386,prior_allocation,0.4000000000000001,6957.785249999999
2022-08-01,T4,988.7805200000001,674.1685363636363,1483.1707800000001,670317.921,74158.53900000002,prior_allocation,0.4000000000000001,1154.4769600000002
2022-08-01,T5,-58.27791666666666,-29.9715,-87.416875,-141089.325,-10490.025,vpk_threshold,0.7488651507131807,28.101666666666663
2022-08-01,T6,2134.7586,1067.3793,4447.413750000001,9200829.299999997,533689.65,vpk_threshold,0.7609440349050202,2196.3747
2022-08-01,T7,-1844.353333333334,-1185.655714285714,-2766.5299999999997,446319.9000000008,-165991.80000000002,cn_rule,0.8999999999999999,6202.354166666666
2022-08-01,UNALLOCATED,0.0,0.0,0.0,2511223.6500000004,286660.725,vpk_threshold,0.0,0.0
2022-09-01,EDGE_AIRCRAFT,0.0,0.0,0.0,-692535.6750000005,7200.374999999999,vpk_threshold,0.9000000000000002,0.0
2022-09-01,EDGE_MONITOR,0.0,0.0,0.0,9520068.675,769928.25,cn_rule,1.0,0.0
2022-09-01,SATELLITE,0.0,0.0,0.0,14192767.875,908134.5000000001,value_index_only,1.0,0.0
2022-09-01,T1,895.5374999999999,716.43,1139.775,107257.8,25075.05,vpk_threshold,0.8205842099222981,1416.675
2022-09-01,T2,-93.5164285714286,-59.51045454545451,-130.92300000000012,-2640.3000000000393,-3273.0749999999957,cn_rule,0.8999999999999999,1760.9614285714285
2022-09-01,T3,10931.236874999999,7773.323999999999,14574.982499999998,2931830.6939999997,349799.57999999996,prior_allocation,0.4,11816.173687499999
2022-09-01,T4,1813.7756000000002,1236.665181818182,2720.6634,1140156.381,136033.17,prior_allocation,0.4,1960.60956
2022-09-01,T5,-10.90916666666667,-5.6104285714285735,-16.363750000000003,-102450.07499999992,-1963.6499999999996,vpk_threshold,0.75906696551649,60.91583333333333
2022-09-01,T6,1677.2690999999998,838.6345499999999,3494.310625,6750314.025,419317.275,vpk_threshold,0.7547490188450542,1980.1196999999997
2022-09-01,T7,1536.1341666666665,987.5148214285712,2304.2012499999996,5061438.524999999,138252.07499999995,cn_rule,0.9,6738.593333333334
2022-09-01,UNALLOCATED,0.0,0.0,0.0,743263.9499999997,98559.825,vpk_threshold,0.0,0.0
2022-10-01,EDGE_AIRCRAFT,0.0,0.0,0.0,1926652.6500000001,2995.2000000000007,vpk_threshold,0.9000000000000001,0.0
2022-10-01,EDGE_MONITOR,0.0,0.0,0.0,4333214.925,433104.75,cn_rule,1.0,0.0
2022-10-01,SATELLITE,0.0,0.0,0.0,9744769.125,898100.7749999999,value_index_only,1.0,0.0
2022-10-01,T1,3234.1794642857144,2587.3435714285715,4116.228409090908,483657.52499999997,90557.025,vpk_threshold,0.7851326374502063,3734.2151785714286
2022-10-01,T2,1854.8678571428572,1180.3704545454543,2596.8149999999996,727451.4,64920.37499999999,cn_rule,0.9,3352.105714285714
2022-10-01,T3,8639.557875,6143.685599999999,11519.4105,2632787.118,276465.852,prior_allocation,0.4000000000000001,10346.8438125
2022-10-01,T4,1433.52664,977.4045272727273,2150.28996,1023861.6570000001,107514.49799999999,prior_allocation,0.4,1716.80964
2022-10-01,T5,-366.405,-188.43685714285712,-549.6075000000001,-2956287.75,-65952.9,vpk_threshold,0.8824042990836658,7.274583333333333
2022-10-01,T6,2970.2711999999997,1485.1355999999998,6188.065,11320862.475,742567.7999999999,vpk_threshold,0.7284724324524795,3210.0159
2022-10-01,T7,1263.2641666666666,812.0983928571428,1894.8962499999996,3124302.674999999,113693.77500000001,cn_rule,0.9,5440.911666666666
2022-10-01,UNALLOCATED,0.0,0.0,0.0,-168996.75,12745.2,vpk_threshold,0.0,0.0
2022-11-01,EDGE_AIRCRAFT,0.0,0.0,0.0,4044158.625,5143.247850000001,vpk_threshold,0.9,0.0
2022-11-01,EDGE_MONITOR,0.0,0.0,0.0,10687642.875000002,852321.6000000001,cn_rule,1.0,0.0
2022-11-01,SATELLITE,0.0,0.0,0.0,19636576.05,1063166.325,value_index_only,1.0,0.0
2022-11-01,T1,-611.325,-489.06000000000006,-778.0500000000001,-9694.425,-17117.1,vpk_threshold,0.9302102257299891,112.96071428571429
2022-11-01,T2,5432.700000000001,3457.1727272727276,7605.780000000001,1441929.45,190144.5,cn_rule,0.9,7947.085714285714
2022-11-01,T3,6704.056124999999,4767.328799999999,8938.7415,1905887.1779999998,214529.79599999997,prior_allocation,0.4000000000000001,7640.699624999999
2022-11-01,T4,1112.37672,758.4386727272728,1668.56508,741178.3470000001,83428.254,prior_allocation,0.4,1267.79016
2022-11-01,T5,-19.2725,-9.911571428571426,-28.908749999999998,-97092.44999999998,-3469.05,vpk_threshold,0.764816455831704,9.240833333333335
2022-11-01,T6,1835.4101999999998,917.7050999999999,3823.77125,8641938.825,458852.55,vpk_threshold,0.7889686799792679,2004.1904999999997
2022-11-01,T7,2878.395,1850.3967857142852,4317.592500000002,5118937.199999999,259055.54999999993,cn_rule,0.8999999999999999,8439.545833333334
2022-11-01,UNALLOCATED,0.0,0.0,0.0,3253843.125,357902.9999999999,vpk_threshold,0.0,0.0
2022-12-01,EDGE_AIRCRAFT,0.0,0.0,0.0,2977614.899999999,2937.675,vpk_threshold,0.9,0.0
2022-12-01,EDGE_MONITOR,0.0,0.0,0.0,8736057.525,593829.6,cn_rule,1.0,0.0
2022-12-01,SATELLITE,0.0,0.0,0.0,14192521.2,997638.5249999999,value_index_only,1.0,0.0
2022-12-01,T1,10010.08125,8008.064999999999,12740.103409090907,920143.575,280282.27499999997,vpk_threshold,0.8223133144184901,10052.563392857142
2022-12-01,T2,11857.086428571429,7545.418636363636,16599.921,3489135.975,414998.025,cn_rule,0.8999999999999999,12909.11142857143
2022-12-01,T3,4490.474625,3193.2264,5987.2995,1640072.0699999996,143695.188,prior_allocation,0.3999999999999999,5024.4114375
2022-12-01,T4,745.0861600000001,508.013290909091,1117.62924,637805.8050000002,55881.46200000001,prior_allocation,0.3999999999999999,833.6801200000002
2022-12-01,T5,6.077499999999996,3.125571428571428,9.116250000000004,-26813.475000000002,1093.9499999999998,vpk_threshold,0.77396165718672,21.693749999999994
2022-12-01,T6,1452.5394,726.2697,3026.1237499999997,5563309.049999998,363134.8499999999,vpk_threshold,0.7432296863505956,1647.7968000000003
2022-12-01,T7,-978.8241666666668,-629.2441071428575,-1468.2362499999986,787046.3249999991,-88094.175,cn_rule,0.9,4202.889166666667
2022-12-01,UNALLOCATED,0.0,0.0,0.0,1309148.1,88585.575,vpk_threshold,0.0,0.0
2023-01-01,EDGE_AIRCRAFT,0.0,0.0,0.0,-1720061.8499999999,12897.300000000001,vpk_threshold,0.9000000000000001,0.0
2023-01-01,EDGE_MONITOR,0.0,0.0,0.0,1814885.4750000006,552783.0750000001,cn_rule,1.0,0.0
2023-01-01,SATELLITE,0.0,0.0,0.0,15379580.774999999,811732.3499999999,value_index_only,1.0,0.0
2023-01-01,T1,2581.8348214285716,2065.467857142857,3285.971590909091,484950.375,72291.375,vpk_threshold,0.6985562716437042,2849.994642857143
2023-01-01,T2,8655.520714285714,5508.058636363637,12117.729,2842378.5,302943.225,cn_rule,0.9000000000000001,9168.314999999999
2023-01-01,T3,7042.9246875,5008.302,9390.566249999998,1766254.4639999997,225373.59,prior_allocation,0.39999999999999997,7371.899437499999
2023-01-01,T4,1168.6038,796.7753181818183,1752.9057000000003,686876.736,87645.285,prior_allocation,0.4,1223.1892400000002
2023-01-01,T5,-31.11875,-16.003928571428567,-46.678124999999994,-187881.525,-5601.375,vpk_threshold,0.718646007795452,21.78583333333333
2023-01-01,T6,1154.088,577.044,2404.3499999999995,5242378.05,288522.0,vpk_threshold,0.7721081347723188,1209.1404000000002
2023-01-01,T7,399.0783333333334,256.5503571428571,598.6175000000003,2620071.675,35917.05000000001,cn_rule,0.9000000000000001,4403.089166666667
2023-01-01,UNALLOCATED,0.0,0.0,0.0,2382193.125,195287.625,vpk_threshold,0.0,0.0
2023-02-01,EDGE_AIRCRAFT,0.0,0.0,0.0,-6302021.699999999,-3541.1999999999985,vpk_threshold,0.9000000000000002,0.0
2023-02-01,EDGE_MONITOR,0.0,0.0,0.0,7579673.4,548737.8,cn_rule,1.0,0.0
2023-02-01,SATELLITE,0.0,0.0,0.0,15737931.299999997,877571.175,value_index_only,1.0,0.0
2023-02-01,T1,18253.636607142853,14602.909285714286,23231.90113636364,3034861.05,511101.82499999995,vpk_threshold,0.6942243528097484,18253.636607142853
2023-02-01,T2,18541.045714285712,11798.847272727271,25957.464000000004,3058520.4,648936.6,cn_rule,0.9,19347.704999999998
2023-02-01,T3,7692.296624999999,5470.0776000000005,10256.3955,2215636.9560000002,246153.49199999997,prior_allocation,0.4,8391.049875
2023-02-01,T4,1276.3514400000004,870.2396181818182,1914.5271599999999,861636.5939999999,95726.358,prior_allocation,0.4000000000000001,1392.2927200000001
2023-02-01,T5,-100.54958333333332,-51.71121428571429,-150.824375,-609517.3500000001,-18098.925,vpk_threshold,0.739426525509233,54.62708333333334
2023-02-01,T6,1370.8968,685.4484,2856.035,5921038.499999999,342724.19999999995,vpk_threshold,0.7853574652241286,1559.2863
2023-02-01,T7,1766.4941666666668,1135.6033928571428,2649.7412500000005,4791931.949999999,158984.475,cn_rule,0.9000000000000001,6028.804166666667
2023-02-01,UNALLOCATED,0.0,0.0,0.0,3084258.4499999997,221441.025,vpk_threshold,0.0,0.0
2023-03-01,EDGE_AIRCRAFT,0.0,0.0,0.0,-511061.8499999998,286.6499999999999,vpk_threshold,0.9,0.0
2023-03-01,EDGE_MONITOR,0.0,0.0,0.0,9153207.375,1357037.175,cn_rule,1.0,0.0
2023-03-01,SATELLITE,0.0,0.0,0.0,18133908.0,1194812.7750000001,value_index_only,1.0,0.0
2023-03-01,T1,22228.084821428572,17782.467857142856,28290.289772727272,3328196.6249999995,622386.375,vpk_threshold,0.7302411715108009,22228.084821428572
2023-03-01,T2,21818.633571428574,13884.585000000001,30546.087,5466731.4,763652.1749999999,cn_rule,0.8999999999999999,23552.37857142857
2023-03-01,T3,13435.994812499997,9554.4852,17914.65975,4557468.24,429951.8339999999,prior_allocation,0.39999999999999997,14195.471062499999
2023-03-01,T4,2229.3798800000004,1520.0317363636368,3344.0698200000006,1772348.76,167203.491,prior_allocation,0.39999999999999997,2355.3966800000003
2023-03-01,T5,-116.22,-59.77028571428572,-174.33,-798385.5750000001,-20919.6,vpk_threshold,0.7298330913563575,23.551666666666666
2023-03-01,T6,4165.3287,2082.66435,8677.768125,15867423.975,1041332.175,vpk_threshold,0.7288461801434085,4263.140700000001
2023-03-01,T7,736.2983333333333,473.33464285714325,1104.447499999999,3548414.9999999995,66266.85000000005,cn_rule,0.8999999999999999,5655.4225
2023-03-01,UNALLOCATED,0.0,0.0,0.0,2834504.4,251462.25,vpk_threshold,0.0,0.0
2023-04-01,EDGE_AIRCRAFT,0.0,0.0,0.0,-3121665.3,1602.9000000000003,vpk_threshold,0.9,0.0
2023-04-01,EDGE_MONITOR,0.0,0.0,0.0,7955978.55,743914.275,cn_rule,1.0,0.0
2023-04-01,SATELLITE,0.0,0.0,0.0,13671277.425,724428.9,value_index_only,1.0,0.0
2023-04-01,T1,22493.598214285717,17994.87857142857,28628.215909090904,3086074.8749999995,629820.7499999999,vpk_threshold,0.7634817833142562,22568.916964285716
2023-04-01,T2,26337.702857142864,16760.356363636365,36872.784,5169442.2,921819.6,cn_rule,0.9,27512.57785714285
2023-04-01,T3,12490.444687499998,8882.094,16653.92625,3834337.3379999995,399694.2299999999,prior_allocation,0.4000000000000001,12492.309374999999
2023-04-01,T4,2072.4886000000006,1413.0604090909092,3108.7329000000004,1491131.187,155436.64500000002,prior_allocation,0.4,2072.7980000000002
2023-04-01,T5,75.55708333333332,38.857928571428516,113.33562499999991,35204.325000000186,13600.274999999996,vpk_threshold,0.6767710726411522,423.7783333333333
2023-04-01,T6,2269.850700000001,1134.9253500000004,4728.855624999999,8678403.825000001,567462.6749999999,vpk_threshold,0.7507966333978318,2431.6929
2023-04-01,T7,919.8258333333335,591.3166071428574,1379.73875,3511880.775000001,82784.32500000003,cn_rule,0.8999999999999999,5745.295833333334
2023-04-01,UNALLOCATED,0.0,0.0,0.0,-466964.5499999999,-5712.524999999992,vpk_threshold,0.0,0.0
2023-05-01,EDGE_AIRCRAFT,0.0,0.0,0.0,-1408122.2999999993,345.1499999999992,vpk_threshold,0.8999999999999999,0.0
2023-05-01,EDGE_MONITOR,0.0,0.0,0.0,13318491.225000001,887676.075,cn_rule,1.0,0.0
2023-05-01,SATELLITE,0.0,0.0,0.0,19016909.924999997,1029526.8749999998,value_index_only,1.0,0.0
2023-05-01,T1,28071.05089285714,22456.840714285714,35726.792045454546,3769137.45,785989.425,vpk_threshold,0.7700892181830092,28094.729464285712
2023-05-01,T2,26319.512142857144,16748.780454545456,36847.316999999995,4513193.1,921182.9249999999,cn_rule,0.9,28702.94142857143
2023-05-01,T3,12177.33075,8659.435199999998,16236.441,3375029.267999999,389674.584,prior_allocation,0.4,12308.648625
2023-05-01,T4,2020.5348800000004,1377.6374181818182,3030.8023200000002,1312511.382,151540.116,prior_allocation,0.4000000000000001,2042.3239200000003
2023-05-01,T5,-330.83374999999995,-170.14307142857143,-496.250625,-2124013.1250000005,-59550.075000000004,vpk_threshold,0.7497811122524536,20.11208333333333
2023-05-01,T6,3415.776,1707.888,7116.2,15213039.075,853944.0,vpk_threshold,0.7751834499347794,3517.8507
2023-05-01,T7,-389.4474999999999,-250.35910714285694,-584.1712499999996,2326561.575,-35050.274999999994,cn_rule,0.8999999999999998,4849.758333333332
2023-05-01,UNALLOCATED,0.0,0.0,0.0,4877882.100000001,449309.25,vpk_threshold,0.0,0.0
2023-06-01,EDGE_AIRCRAFT,0.0,0.0,0.0,-3652197.9000000004,-1275.2999999999997,vpk_threshold,0.9,0.0
2023-06-01,EDGE_MONITOR,0.0,0.0,0.0,7413340.35,650897.325,cn_rule,1.0,0.0
2023-06-01,SATELLITE,0.0,0.0,0.0,24314363.775,1372948.6875,value_index_only,1.0,0.0
2023-06-01,T1,23017.834821428572,18414.26785714286,29295.426136363632,3075205.5749999997,644499.375,vpk_threshold,0.7853696309191681,23861.27946428571
2023-06-01,T2,20832.74142857143,13257.199090909091,29165.838000000003,4225400.399999999,729145.95,cn_rule,0.9,22731.651428571426
2023-06-01,T3,20012.1114375,14230.8348,26682.815250000003,6190619.291999999,640387.566,prior_allocation,0.39999999999999997,21147.048000000003
2023-06-01,T4,3320.5281200000004,2263.9964454545457,4980.79218,2407463.058,249039.60900000003,prior_allocation,0.4,3508.8435200000004
2023-06-01,T5,-142.10083333333333,-73.08042857142857,-213.15125000000003,-505469.25000000006,-25578.149999999998,vpk_threshold,0.6740497433050043,52.536249999999995
2023-06-01,T6,3617.0043,1808.50215,7535.425625,15077740.274999999,904251.075,vpk_threshold,0.7566755330445076,3702.6288
2023-06-01,T7,46.344999999999494,29.793214285714438,69.51749999999959,2035320.2999999993,4171.0499999999765,cn_rule,0.9000000000000001,5802.441666666667
2023-06-01,UNALLOCATED,0.0,0.0,0.0,2466315.15,199329.975,vpk_threshold,0.0,0.0
2023-07-01,EDGE_AIRCRAFT,0.0,0.0,0.0,-5340759.450000001,1735.4999999999989,vpk_threshold,0.9000000000000001,0.0
2023-07-01,EDGE_MONITOR,0.0,0.0,0.0,6891456.0,579213.7845,cn_rule,1.0,0.0
2023-07-01,SATELLITE,0.0,0.0,0.0,14586234.975000001,951241.2000000001,value_index_only,1.0,0.0
2023-07-01,T1,5501.4375,4401.15,7001.829545454546,894271.95,154040.25,vpk_threshold,0.7568716366514894,6986.571428571428
2023-07-01,T2,13842.492857142855,8808.859090909089,19379.489999999998,3628613.625,484487.25,cn_rule,0.9,15311.288571428568
2023-07-01,T3,20593.542937499995,14644.297199999999,27458.057249999998,6724396.2239999985,658993.3739999998,prior_allocation,0.3999999999999999,20681.6878125
2023-07-01,T4,3417.00268,2329.7745545454545,5125.50402,2615042.9760000003,256275.20100000003,prior_allocation,0.39999999999999997,3431.6282
2023-07-01,T5,40.955416666666636,21.062785714285713,61.433125000000025,169181.02500000014,7371.975,vpk_threshold,0.6821870925254736,228.19875000000002
2023-07-01,T6,2851.2470999999996,1425.6235499999998,5940.098124999999,13260945.75,712811.775,vpk_threshold,0.7698608612331751,2985.3212999999996
2023-07-01,T7,-134.1925000000008,-86.26660714285651,-201.2887499999997,-334556.62499999907,-12077.324999999983,cn_rule,0.8999999999999999,6053.211666666666
2023-07-01,UNALLOCATED,0.0,0.0,0.0,448375.19999999984,55935.75,vpk_threshold,0.0,0.0
2023-08-01,EDGE_AIRCRAFT,0.0,0.0,0.0,-8733816.975,-3219.45,vpk_threshold,0.8999999999999999,0.0
2023-08-01,EDGE_MONITOR,0.0,0.0,0.0,7326617.025,453644.0999999999,cn_rule,1.0,0.0
2023-08-01,SATELLITE,0.0,0.0,0.0,16202565.6,1026714.0,value_index_only,1.0,0.0
2023-08-01,T1,790.5160714285714,632.4128571428572,1006.1113636363634,145044.89999999997,22134.449999999997,vpk_threshold,0.8446538912535787,1723.1732142857143
2023-08-01,T2,6288.527142857142,4001.79,8803.938,1097877.2999999998,220098.44999999995,cn_rule,0.9,7910.425714285713
2023-08-01,T3,6426.700312499999,4570.098000000001,8568.933750000002,1870311.924,205654.40999999997,prior_allocation,0.39999999999999997,7087.984312499999
2023-08-01,T4,1066.3562000000002,727.0610454545455,1599.5343000000003,727343.5260000001,79976.71500000001,prior_allocation,0.4000000000000001,1176.0803600000002
2023-08-01,T5,-162.51625,-83.57978571428569,-243.77437500000002,-742403.0250000001,-29252.925000000003,vpk_threshold,0.7165875390136901,96.30833333333334
2023-08-01,T6,1539.5678999999996,769.7839499999998,3207.433125,5947758.375,384891.975,vpk_threshold,0.7751172592074602,1849.4852999999998
2023-08-01,T7,-1592.7275000000002,-1023.8962499999994,-2389.0912499999995,-1758943.8749999995,-143345.47499999998,cn_rule,0.9,6384.007500000001
2023-08-01,UNALLOCATED,0.0,0.0,0.0,4851095.925,493386.0749999999,vpk_threshold,0.0,0.0
2023-09-01,EDGE_AIRCRAFT,0.0,0.0,0.0,-6195430.799999999,-2962.0499999999997,vpk_threshold,0.8999999999999999,0.0
2023-09-01,EDGE_MONITOR,0.0,0.0,0.0,5191534.725000001,490834.5000000001,cn_rule,1.0,0.0
2023-09-01,SATELLITE,0.0,0.0,0.0,18795917.4,1173086.8499999999,value_index_only,1.0,0.0
2023-09-01,T1,4421.207142857143,3536.9657142857145,5626.990909090909,646615.125,123793.79999999999,vpk_threshold,0.7391400730388237,4421.7642857142855
2023-09-01,T2,6577.907142857143,4185.94090909091,9209.07,1933309.95,230226.75000000003,cn_rule,0.8999999999999999,7472.622857142857
2023-09-01,T3,10425.709125,7413.8376,13900.9455,3061280.8980000005,333622.692,prior_allocation,0.4,10819.2898125
2023-09-01,T4,1729.89544,1179.4741636363638,2594.8431600000004,1190498.1270000003,129742.15800000001,prior_allocation,0.4,1795.20068
2023-09-01,T5,-100.57124999999999,-51.72235714285715,-150.85687499999997,-538605.5999999999,-18102.825,vpk_threshold,0.7284666140374568,6.332083333333333
2023-09-01,T6,1116.3515999999997,558.1757999999999,2325.7325,4375090.199999999,279087.9,vpk_threshold,0.7541886800661377,2163.3027
2023-09-01,T7,-3113.998333333334,-2001.8560714285709,-4670.9974999999995,-4418041.875,-280259.8499999999,cn_rule,0.9,5642.790833333333
2023-09-01,UNALLOCATED,0.0,0.0,0.0,619729.4999999999,24580.725,vpk_threshold,0.0,0.0
2023-10-01,EDGE_AIRCRAFT,0.0,0.0,0.0,-2970793.8,-563.5500000000002,vpk_threshold,0.8999999999999998,0.0
2023-10-01,EDGE_MONITOR,0.0,0.0,0.0,6126477.825000001,522320.17500000005,cn_rule,1.0,0.0
2023-10-01,SATELLITE,0.0,0.0,0.0,15779060.699999997,845311.3499999999,value_index_only,1.0,0.0
2023-10-01,T1,5207.022321428571,4165.617857142857,6627.119318181818,930308.925,145796.625,vpk_threshold,0.6941753839574707,5402.649107142857
2023-10-01,T2,5746.928571428572,3657.1363636363635,8045.7,1342525.2750000001,201142.50000000003,cn_rule,0.9,7854.488571428572
2023-10-01,T3,7251.2870625000005,5156.470800000001,9668.382749999999,2284823.9699999997,232041.18600000002,prior_allocation,0.4,8530.484625000001
2023-10-01,T4,1203.17652,820.3476272727274,1804.76478,888542.6550000001,90238.239,prior_allocation,0.4,1415.4285599999998
2023-10-01,T5,-188.06124999999997,-96.71721428571428,-282.0918750000001,-974839.125,-33851.025,vpk_threshold,0.7107440642136328,22.257083333333334
2023-10-01,T6,1225.4696999999999,612.7348499999999,2553.0618749999994,6414396.3,306367.425,vpk_threshold,0.809740423672244,1500.72
2023-10-01,T7,459.66916666666674,295.50160714285687,689.5037499999996,2192848.1250000005,41370.22500000002,cn_rule,0.8999999999999999,5486.043333333333
2023-10-01,UNALLOCATED,0.0,0.0,0.0,275248.3500000001,24119.55,vpk_threshold,0.0,0.0
2023-11-01,EDGE_AIRCRAFT,0.0,0.0,0.0,-1200810.9749999999,115.05000000000018,vpk_threshold,0.8999999999999999,0.0
2023-11-01,EDGE_MONITOR,0.0,0.0,0.0,8400757.95,647327.4453749999,cn_rule,1.0,0.0
2023-11-01,SATELLITE,0.0,0.0,0.0,21340082.4,1148739.15,value_index_only,1.0,0.0
2023-11-01,T1,-4902.160714285715,-3921.7285714285713,-6239.113636363637,-816311.925,-137260.5,vpk_threshold,0.7115542308659477,541.36875
2023-11-01,T2,6455.085,4107.7813636363635,9037.119000000002,2152447.05,225927.975,cn_rule,0.8999999999999998,7492.234285714286
2023-11-01,T3,2289.9020625,1628.3747999999998,3053.202749999999,454606.7759999998,73276.866,prior_allocation,0.4,6206.9743124999995
2023-11-01,T4,379.9541200000001,259.0596272727273,569.9311799999999,176791.52400000006,28496.55900000001,prior_allocation,0.4000000000000001,1029.8979600000002
2023-11-01,T5,-258.95458333333335,-133.17664285714284,-388.431875,-1038045.4500000001,-46611.825,vpk_threshold,0.6923694429099748,73.06
2023-11-01,T6,2018.3046,1009.1523,4204.8012499999995,8459022.0,504576.1500000001,vpk_threshold,0.7518426057300993,2131.2291
2023-11-01,T7,1242.1283333333333,798.5110714285715,1863.1924999999999,3488403.750000001,111791.54999999997,cn_rule,0.9,5359.033333333334
2023-11-01,UNALLOCATED,0.0,0.0,0.0,1473818.775,75372.37500000003,vpk_threshold,0.0,0.0
2023-12-01,EDGE_AIRCRAFT,0.0,0.0,0.0,-4491384.3,-53.62499999999999,vpk_threshold,0.9000000000000001,0.0
2023-12-01,EDGE_MONITOR,0.0,0.0,0.0,5293372.5,555830.9249999999,cn_rule,1.0,0.0
2023-12-01,SATELLITE,0.0,0.0,0.0,25029928.95,994795.4249999998,value_index_only,1.0,0.0
2023-12-01,T1,2066.129464285714,1652.9035714285715,2629.619318181818,300233.7,57851.625,vpk_threshold,0.7467206283258763,2098.861607142857
2023-12-01,T2,6676.799999999999,4248.872727272727,9347.519999999997,1702263.2249999999,233687.99999999997,cn_rule,0.8999999999999999,7294.030714285715
2023-12-01,T3,3513.7293749999994,2498.6519999999996,4684.972499999999,1217024.406,112439.33999999998,prior_allocation,0.39999999999999997,3828.9054375
2023-12-01,T4,583.0187999999999,397.51281818181815,874.5282000000001,473287.26900000003,43726.41,prior_allocation,0.39999999999999997,635.3146800000001
2023-12-01,T5,-284.82458333333335,-146.48121428571426,-427.236875,-1330600.05,-51268.425,vpk_threshold,0.7201947957902173,30.07875
2023-12-01,T6,1477.7412,738.8706,3078.6275,6560885.175000001,369435.3,vpk_threshold,0.7767911598946705,1706.8038000000001
2023-12-01,T7,2754.1366666666668,1770.5164285714286,4131.205,5668311.675,247872.29999999993,cn_rule,0.9,4519.883333333333
2023-12-01,UNALLOCATED,0.0,0.0,0.0,3190528.5749999997,224777.475,vpk_threshold,0.0,0.0
2024-01-01,EDGE_AIRCRAFT,0.0,0.0,0.0,-2959327.8000000003,1324.05,vpk_threshold,0.9,0.0
2024-01-01,EDGE_MONITOR,0.0,0.0,0.0,5876486.85,493627.8749999999,cn_rule,1.0,0.0
2024-01-01,SATELLITE,0.0,0.0,0.0,13084674.525,646300.2000000001,value_index_only,1.0,0.0
2024-01-01,T1,1495.1276785714285,1196.1021428571428,1902.8897727272729,190311.22499999998,41863.575,vpk_threshold,0.8018732526822521,1509.6482142857144
2024-01-01,T2,5634.469285714287,3585.571363636364,7888.257000000002,2284037.925,197206.42500000002,cn_rule,0.9000000000000001,6903.0
2024-01-01,T3,5741.438625,4082.8007999999995,7655.251500000001,2022664.176,183726.036,prior_allocation,0.4,6142.675499999999
2024-01-01,T4,952.65352,649.5364909090911,1428.98028,786591.624,71449.01400000001,prior_allocation,0.4,1019.2291200000001
2024-01-01,T5,34.52583333333334,17.756142857142855,51.78875000000001,-6638.774999999994,6214.649999999999,vpk_threshold,0.7146459753280227,83.19458333333333
2024-01-01,T6,457.67280000000017,228.83640000000008,953.4850000000002,-228192.90000000008,114418.2,vpk_threshold,0.8511043523386307,1193.3064
2024-01-01,T7,4136.719166666668,2659.3194642857134,6205.078750000001,6132611.549999998,372304.7250000001,cn_rule,0.9,6130.160833333333
2024-01-01,UNALLOCATED,0.0,0.0,0.0,4001335.6500000004,336428.62499999994,vpk_threshold,0.0,0.0
2024-02-01,EDGE_AIRCRAFT,0.0,0.0,0.0,3202670.250000001,2469.675,vpk_threshold,0.8999999999999999,0.0
2024-02-01,EDGE_MONITOR,0.0,0.0,0.0,5050809.075,480583.34999999986,cn_rule,1.0,0.0
2024-02-01,SATELLITE,0.0,0.0,0.0,21696779.325,980070.4875,value_index_only,1.0,0.0
2024-02-01,T1,3722.6892857142852,2978.151428571429,4737.968181818182,452432.17499999993,104235.29999999999,vpk_threshold,0.8071356323916185,3730.698214285714
2024-02-01,T2,10732.270714285713,6829.626818181818,15025.179000000002,3161003.6249999995,375629.475,cn_rule,0.9,12768.126428571428
2024-02-01,T3,6414.1959375,4561.205999999999,8552.26125,2246177.4660000005,205254.27,prior_allocation,0.3999999999999999,6564.160687499999
2024-02-01,T4,1064.2814,725.6464090909092,1596.4221000000005,873513.459,79821.105,prior_allocation,0.40000000000000013,1089.1644400000002
2024-02-01,T5,143.83416666666665,73.97185714285715,215.75125,709496.775,25890.149999999998,vpk_threshold,0.7279837157212476,168.7833333333333
2024-02-01,T6,932.2092,466.1046,1942.1024999999997,4232638.8,233052.3,vpk_threshold,0.8356448079852243,1092.5304
2024-02-01,T7,3477.4999999999995,2235.5357142857138,5216.249999999999,6066456.825,312974.99999999994,cn_rule,0.9000000000000001,5501.6
2024-02-01,UNALLOCATED,0.0,0.0,0.0,221057.84999999995,19354.725000000002,vpk_threshold,0.0,0.0
2024-03-01,EDGE_AIRCRAFT,0.0,0.0,0.0,759721.9499999996,325.6500000000002,vpk_threshold,0.9,0.0
2024-03-01,EDGE_MONITOR,0.0,0.0,0.0,10015460.325,721554.5999999999,cn_rule,1.0,0.0
2024-03-01,SATELLITE,0.0,0.0,0.0,17951431.875,1079443.404,value_index_only,1.0,0.0
2024-03-01,T1,12134.466964285715,9707.573571428573,15443.867045454544,1520451.075,339765.07499999995,vpk_threshold,0.7889739514885714,12266.126785714287
2024-03-01,T2,14120.367857142857,8985.688636363639,19768.515,1705573.3499999999,494212.875,cn_rule,0.9000000000000001,16388.412857142856
2024-03-01,T3,11155.789125,7933.005599999999,14874.385499999997,3913730.0279999995,356985.252,prior_allocation,0.4,13551.0350625
2024-03-01,T4,1851.0346400000003,1262.0690727272727,2776.5519600000002,1522006.122,138827.598,prior_allocation,0.4,2248.46804
2024-03-01,T5,673.93625,346.5957857142857,1010.904375,2416067.55,121308.52499999998,vpk_threshold,0.6399257170016597,817.8625000000001
2024-03-01,T6,1798.4499,899.22495,3746.770625,7845047.925000001,449612.475,vpk_threshold,0.7650193987047187,1884.7257000000002
2024-03-01,T7,6323.3083333333325,4064.983928571429,9484.962500000001,10567345.425,569097.75,cn_rule,0.9,7291.05
2024-03-01,UNALLOCATED,0.0,0.0,0.0,-821070.9,-53426.100000000006,vpk_threshold,0.0,0.0
2024-04-01,EDGE_AIRCRAFT,0.0,0.0,0.0,2507212.5000000005,2193.7499999999995,vpk_threshold,0.8999999999999998,0.0
2024-04-01,EDGE_MONITOR,0.0,0.0,0.0,9319124.1,1348265.0999999999,cn_rule,1.0,0.0
2024-04-01,SATELLITE,0.0,0.0,0.0,25099283.624999996,1114193.925,value_index_only,1.0,0.0
2024-04-01,T1,38516.016964285714,30812.813571428567,49020.38522727273,5537926.875,1078448.4749999999,vpk_threshold,0.7484726881396414,38798.97589285715
2024-04-01,T2,11553.917142857143,7352.492727272727,16175.484,3335320.95,404387.1,cn_rule,0.9000000000000001,13212.057857142856
2024-04-01,T3,11993.516437499999,8528.722800000001,15991.355249999997,3669403.842,383792.52599999995,prior_allocation,0.4000000000000001,12417.8315625
2024-04-01,T4,1990.03532,1356.842263636364,2985.0529800000004,1426990.3830000001,149252.64900000003,prior_allocation,0.4,2060.4402
2024-04-01,T5,820.08875,421.7599285714286,1230.1331249999998,2995861.05,147615.97499999998,vpk_threshold,0.6603806184773253,899.8275
2024-04-01,T6,1913.8782,956.9391,3987.2462499999997,7604433.5249999985,478469.54999999993,vpk_threshold,0.7446966612553279,1973.9577
2024-04-01,T7,6265.945833333334,4028.108035714286,9398.918749999997,9101295.45,563935.1249999999,cn_rule,0.8999999999999999,8175.190833333333
2024-04-01,UNALLOCATED,0.0,0.0,0.0,-315545.1,-7047.300000000003,vpk_threshold,0.0,0.0
2024-05-01,EDGE_AIRCRAFT,0.0,0.0,0.0,-491738.3249999997,360.75,vpk_threshold,0.9000000000000001,0.0
2024-05-01,EDGE_MONITOR,0.0,0.0,0.0,13748509.125,1403532.9749999996,cn_rule,1.0,0.0
2024-05-01,SATELLITE,0.0,0.0,0.0,21683100.075,1307755.8,value_index_only,1.0,0.0
2024-05-01,T1,36360.396428571425,29088.31714285714,46276.86818181817,4455896.25,1018091.1,vpk_threshold,0.7998847484737469,36504.975
2024-05-01,T2,17469.019285714283,11116.648636363636,24456.627,3803400.9,611415.6749999999,cn_rule,0.8999999999999999,19283.21571428571
2024-05-01,T3,11731.8898125,8342.6772,15642.519749999996,3230234.7479999997,375420.474,prior_allocation,0.39999999999999997,13357.56825
2024-05-01,T4,1946.6246800000001,1327.2441000000001,2919.9370200000003,1256202.402,145996.85100000002,prior_allocation,0.4,2216.36688
2024-05-01,T5,-53.65749999999999,-27.595285714285712,-80.48624999999998,-89404.57500000001,-9658.349999999999,vpk_threshold,0.7229193626409814,40.24583333333334
2024-05-01,T6,1668.4863000000003,834.2431500000001,3476.013125,6919989.374999998,417121.575,vpk_threshold,0.755693629437384,1740.6674999999998
2024-05-01,T7,6277.288333333333,4035.3996428571427,9415.932499999999,12406382.624999996,564955.95,cn_rule,0.9000000000000001,8184.615833333333
2024-05-01,UNALLOCATED,0.0,0.0,0.0,2129191.350000001,127301.85,vpk_threshold,0.0,0.0
2024-06-01,EDGE_AIRCRAFT,0.0,0.0,0.0,2840277.374999999,1295.7749999999999,vpk_threshold,0.9,0.0
2024-06-01,EDGE_MONITOR,0.0,0.0,0.0,7989375.225,694376.475,cn_rule,1.0,0.0
2024-06-01,SATELLITE,0.0,0.0,0.0,32870718.075,1769329.5750000002,value_index_only,1.0,0.0
2024-06-01,T1,23372.386607142857,18697.90928571429,29746.673863636363,3250412.0999999996,654426.8250000001,vpk_threshold,0.7650358162255713,24370.682142857142
2024-06-01,T2,20962.945714285717,13340.056363636364,29348.123999999996,4985453.85,733703.1000000001,cn_rule,0.9000000000000002,22726.47
2024-06-01,T3,13937.749312499998,9911.2884,18583.66575,3622484.9699999993,446007.97799999994,prior_allocation,0.39999999999999997,17241.2296875
2024-06-01,T4,2312.63396,1576.795881818182,3468.95094,1408744.155,173447.54700000002,prior_allocation,0.4,2860.7670000000003
2024-06-01,T5,-40.34333333333333,-20.748000000000005,-60.515,-304164.9,-7261.8,vpk_threshold,0.7545514434694411,51.52333333333333
2024-06-01,T6,1510.6767,755.33835,3147.243125,6868559.1,377669.175,vpk_threshold,0.7884595196578666,1586.9451
2024-06-01,T7,7338.597500000001,4717.66982142857,11007.89625,13300634.1,660473.7749999999,cn_rule,0.9,9442.2575
2024-06-01,UNALLOCATED,0.0,0.0,0.0,3107737.4250000007,275303.925,vpk_threshold,0.0,0.0
2024-07-01,EDGE_AIRCRAFT,0.0,0.0,0.0,2257223.4749999996,-1743.3000000000002,vpk_threshold,0.9,0.0
2024-07-01,EDGE_MONITOR,0.0,0.0,0.0,12224665.049999999,717255.8249999998,cn_rule,1.0,0.0
2024-07-01,SATELLITE,0.0,0.0,0.0,22210287.45,1392016.2750000001,value_index_only,1.0,0.0
2024-07-01,T1,13937.903571428571,11150.322857142855,17739.15,2043197.3250000002,390261.3,vpk_threshold,0.7456814599237359,14145.160714285714
2024-07-01,T2,12138.387857142858,7724.428636363636,16993.743000000002,2442544.6499999994,424843.57499999995,cn_rule,0.9000000000000001,13647.576428571429
2024-07-01,T3,17152.009875,12196.9848,22869.3465,4823837.226,548864.316,prior_allocation,0.39999999999999997,17500.728375
2024-07-01,T4,2845.9631200000003,1940.4294000000004,4268.944680000001,1875936.6990000003,213447.23400000003,prior_allocation,0.4,2903.82456
2024-07-01,T5,334.0783333333333,171.8117142857143,501.11749999999995,1140273.2249999999,60134.09999999999,vpk_threshold,0.6623487043281459,447.17833333333334
2024-07-01,T6,2046.0102000000002,1023.0051000000001,4262.52125,7817329.65,511502.55000000005,vpk_threshold,0.7786968475333209,2277.4166999999998
2024-07-01,T7,5136.170000000001,3301.8235714285715,7704.254999999999,9234103.125,462255.3,cn_rule,0.9,7503.784166666666
2024-07-01,UNALLOCATED,0.0,0.0,0.0,-999997.0500000002,-63483.225000000006,vpk_threshold,0.0,0.0
2024-08-01,EDGE_AIRCRAFT,0.0,0.0,0.0,-747438.8999999999,-14760.525000000001,vpk_threshold,0.9,0.0
2024-08-01,EDGE_MONITOR,0.0,0.0,0.0,6227122.2,430791.075,cn_rule,1.0,0.0
2024-08-01,SATELLITE,0.0,0.0,0.0,22482988.125,1252906.2,value_index_only,1.0,0.0
2024-08-01,T1,5831.196428571429,4664.9571428571435,7421.522727272726,936832.6499999999,163273.5,vpk_threshold,0.7388051453660088,6376.25625
2024-08-01,T2,5752.722857142856,3660.8236363636365,8053.812000000003,2164548.750000001,201345.3,cn_rule,0.9000000000000002,7669.377857142857
2024-08-01,T3,14390.692875,10233.3816,19187.590500000002,4616740.907999999,460502.172,prior_allocation,0.4,16510.513499999997
2024-08-01,T4,2387.78904,1628.0379818181818,3581.68356,1795399.2419999999,179084.17799999999,prior_allocation,0.40000000000000013,2739.52224
2024-08-01,T5,-80.9358333333333,-41.62414285714285,-121.40375,-548795.3250000001,-14568.45,vpk_threshold,0.7037631004341425,36.77375
2024-08-01,T6,1144.2015000000001,572.1007500000001,2383.7531249999997,5170833.524999999,286050.375,vpk_threshold,0.812668810211079,1233.5700000000002
2024-08-01,T7,5655.8125,3635.8794642857138,8483.718750000002,8786908.649999999,509023.125,cn_rule,0.9,7451.415833333333
2024-08-01,UNALLOCATED,0.0,0.0,0.0,2152527.0,216703.5,vpk_threshold,0.0,0.0
2024-09-01,EDGE_AIRCRAFT,0.0,0.0,0.0,-2116969.725,-1631.1750000000004,vpk_threshold,0.8999999999999999,0.0
2024-09-01,EDGE_MONITOR,0.0,0.0,0.0,9535394.7,524199.87749999994,cn_rule,1.0,0.0
2024-09-01,SATELLITE,0.0,0.0,0.0,26502482.174999997,1334594.7614999998,value_index_only,1.0,0.0
2024-09-01,T1,3243.3374999999996,2594.67,4127.88409090909,483266.54999999993,90813.45000000001,vpk_threshold,0.7780215727401877,3600.6053571428574
2024-09-01,T2,8901.164999999999,5664.377727272727,12461.631,2384022.2249999996,311540.77499999997,cn_rule,0.9,10430.55
2024-09-01,T3,11808.912374999996,8397.4488,15745.216499999997,3927211.9380000005,377885.1959999999,prior_allocation,0.4,12567.774374999997
2024-09-01,T4,1959.4047200000002,1335.9577636363638,2939.1070800000007,1527249.0870000003,146955.35400000002,prior_allocation,0.4000000000000001,2085.3196000000003
2024-09-01,T5,-17.409166666666657,-8.953285714285716,-26.113749999999996,-118587.29999999997,-3133.6499999999996,vpk_threshold,0.6988974867413765,86.89958333333334
2024-09-01,T6,1114.5810000000001,557.2905000000001,2322.04375,5247004.425000001,278645.25,vpk_threshold,0.810976804689213,1346.9507999999998
2024-09-01,T7,5022.961666666667,3229.0467857142853,7534.4425,8321510.925000001,452066.55000000005,cn_rule,0.9,7068.858333333334
2024-09-01,UNALLOCATED,0.0,0.0,0.0,3165565.650000001,249017.925,vpk_threshold,0.0,0.0
2024-10-01,EDGE_AIRCRAFT,0.0,0.0,0.0,-4228864.575,-12016.874999999998,vpk_threshold,0.8999999999999999,0.0
2024-10-01,EDGE_MONITOR,0.0,0.0,0.0,11535204.524999999,757266.8999999999,cn_rule,1.0,0.0
2024-10-01,SATELLITE,0.0,0.0,0.0,17353769.549999997,1292682.0952499998,value_index_only,1.0,0.0
2024-10-01,T1,8494.374107142858,6795.499285714286,10811.021590909091,970953.7499999998,237842.475,vpk_threshold,0.8210675535058168,8539.676785714286
2024-10-01,T2,3172.510714285714,2018.8704545454543,4441.515,648145.875,111037.875,cn_rule,0.9,5797.767857142857
2024-10-01,T3,7299.8128125,5190.978,9733.083750000002,2269283.094,233594.01,prior_allocation,0.4000000000000001,9903.333375000002
2024-10-01,T4,1211.2282,825.8374090909091,1816.8423,882498.9809999999,90842.11500000002,prior_allocation,0.39999999999999997,1643.21976
2024-10-01,T5,-54.96291666666667,-28.266642857142863,-82.44437500000001,79076.39999999998,-9893.324999999999,vpk_threshold,0.7102336101447835,78.75291666666666
2024-10-01,T6,1739.5443,869.77215,3624.050625,8104630.949999999,434886.075,vpk_threshold,0.8076284765089122,2056.7819999999997
2024-10-01,T7,7492.138333333332,4816.374642857143,11238.2075,13468666.575000001,674292.4499999998,cn_rule,0.8999999999999998,9096.695833333331
2024-10-01,UNALLOCATED,0.0,0.0,0.0,1139208.525,114941.77499999998,vpk_threshold,0.0,0.0
2024-11-01,EDGE_AIRCRAFT,0.0,0.0,0.0,6298201.65,953.5500000000003,vpk_threshold,0.8999999999999998,0.0
2024-11-01,EDGE_MONITOR,0.0,0.0,0.0,6001749.0,494635.05000000005,cn_rule,1.0,0.0
2024-11-01,SATELLITE,0.0,0.0,0.0,14258590.125,1345383.0,value_index_only,1.0,0.0
2024-11-01,T1,3506.7267857142856,2805.381428571429,4463.106818181818,522200.25,98188.34999999999,vpk_threshold,0.7383748774044181,3556.0687499999995
2024-11-01,T2,10636.47,6768.662727272727,14891.057999999999,2157867.075,372276.45,cn_rule,0.8999999999999998,12215.719285714285
2024-11-01,T3,4229.6158125,3007.7268,5639.48775,1195931.412,135347.706,prior_allocation,0.39999999999999997,8120.055937499999
2024-11-01,T4,701.8029200000001,478.5019909090909,1052.70438,465084.438,52635.21900000001,prior_allocation,0.40000000000000013,1347.3278
2024-11-01,T5,15.345416666666663,7.891928571428577,23.018124999999998,180534.90000000005,2762.175000000001,vpk_threshold,0.8145657322439916,67.49708333333332
2024-11-01,T6,1367.7807,683.89035,2849.5431249999992,6936923.175000001,341945.17499999993,vpk_threshold,0.7969075240620263,1532.1930000000002
2024-11-01,T7,7864.685833333333,5055.8694642857145,11797.02875,12552022.274999997,707821.725,cn_rule,0.9,9215.288333333334
2024-11-01,UNALLOCATED,0.0,0.0,0.0,2015863.1999999997,122570.17500000002,vpk_threshold,0.0,0.0
2024-12-01,EDGE_AIRCRAFT,0.0,0.0,0.0,4968111.5249999985,3121.9500000000003,vpk_threshold,0.9,0.0
2024-12-01,EDGE_MONITOR,0.0,0.0,0.0,5211469.575,384807.15,cn_rule,1.0,0.0
2024-12-01,SATELLITE,0.0,0.0,0.0,12617887.424999999,844435.3125,value_index_only,1.0,0.0
2024-12-01,T1,1025.45625,820.365,1305.1261363636365,202206.225,28712.775,vpk_threshold,0.7178343646565027,1322.0303571428572
2024-12-01,T2,2584.223571428571,1644.5059090909092,3617.913,805477.7249999999,90447.82500000001,cn_rule,0.8999999999999999,4699.332857142857
2024-12-01,T3,8115.953624999999,5771.3448,10821.271499999999,2604957.7320000003,259710.51599999997,prior_allocation,0.4,9440.3205
2024-12-01,T4,1346.6471199999999,918.1684909090909,2019.97068,1013039.1179999999,100998.534,prior_allocation,0.4000000000000002,1566.3939199999998
2024-12-01,T5,43.04083333333333,22.13528571428571,64.56125,98420.39999999995,7747.349999999999,vpk_threshold,0.7603985512536772,110.55958333333332
2024-12-01,T6,1515.5321999999999,757.7660999999999,3157.35875,7209410.325,378883.05,vpk_threshold,0.7931431714043025,1608.6954
2024-12-01,T7,7845.3049999999985,5043.410357142858,11767.9575,12920510.849999998,706077.4500000001,cn_rule,0.9,8814.541666666668
2024-12-01,UNALLOCATED,0.0,0.0,0.0,1758957.5249999994,113154.6,vpk_threshold,0.0,0.0
2025-01-01,EDGE_AIRCRAFT,0.0,0.0,0.0,1720835.9999999995,1222.6500000000005,vpk_threshold,0.9,0.0
2025-01-01,EDGE_MONITOR,0.0,0.0,0.0,5440437.6,344384.99354999996,cn_rule,1.0,0.0
2025-01-01,SATELLITE,0.0,0.0,0.0,20060028.299999997,1197586.6500000001,value_index_only,1.0,0.0
2025-01-01,T1,9.158035714285575,7.3264285714286075,11.655681818181733,117617.17499999999,256.4249999999993,vpk_threshold,0.778255823247294,837.5598214285714
2025-01-01,T2,358.32642857142855,228.025909090909,501.65699999999964,215198.09999999986,12541.424999999996,cn_rule,0.9000000000000001,2054.464285714286
2025-01-01,T3,11275.1949375,8017.916399999999,15033.59325,3874620.9059999995,360806.238,prior_allocation,0.39999999999999997,11952.1423125
2025-01-01,T4,1870.8471600000007,1275.577609090909,2806.2707400000004,1506797.0189999999,140313.537,prior_allocation,0.4,1983.1702800000003
2025-01-01,T5,-129.0575,-66.37242857142857,-193.58625,-379995.52499999997,-23230.35,vpk_threshold,0.6896957667396448,57.373333333333335
2025-01-01,T6,1785.4278000000002,892.7139000000001,3719.6412499999997,7703232.225,446356.95,vpk_threshold,0.7679579151250429,1833.2418
2025-01-01,T7,6317.609999999999,4061.320714285714,9476.414999999997,7363784.999999999,568584.9,cn_rule,0.8999999999999999,8557.683333333334
2025-01-01,UNALLOCATED,0.0,0.0,0.0,1847150.175,107118.37499999999,vpk_threshold,0.0,0.0
2025-02-01,EDGE_AIRCRAFT,0.0,0.0,0.0,3065767.5749999993,1104.3015749999988,vpk_threshold,0.9000000000000002,0.0
2025-02-01,EDGE_MONITOR,0.0,0.0,0.0,6561160.124999999,545897.625,cn_rule,1.0,0.0
2025-02-01,SATELLITE,0.0,0.0,0.0,17877121.275000002,1015916.85,value_index_only,1.0,0.0
2025-02-01,T1,6951.123214285714,5560.89857142857,8846.884090909092,1020847.425,194631.44999999998,vpk_threshold,0.7895321268758972,8772.841071428571
2025-02-01,T2,1574.1235714285713,1001.7149999999999,2203.773000000001,14254.499999999784,55094.325,cn_rule,0.9,5199.229285714285
2025-02-01,T3,16917.410249999997,12030.158399999998,22556.547,5971072.301999999,541357.1279999999,prior_allocation,0.40000000000000013,18081.413999999997
2025-02-01,T4,2807.0369600000004,1913.8888363636365,4210.55544,2322083.6729999995,210527.77199999997,prior_allocation,0.4000000000000001,3000.17536
2025-02-01,T5,3.423333333333325,1.760571428571435,5.134999999999998,-50876.47499999998,616.1999999999989,vpk_threshold,0.7262578904589989,88.97958333333334
2025-02-01,T6,679.1732999999999,339.58664999999996,1414.944375,2764438.9499999997,169793.32499999998,vpk_threshold,0.812612681430896,1433.7453
2025-02-01,T7,7619.625000000001,4898.330357142858,11429.437499999998,10726701.374999998,685766.25,cn_rule,0.8999999999999999,9472.601666666666
2025-02-01,UNALLOCATED,0.0,0.0,0.0,-100619.99999999997,-8858.849999999993,vpk_threshold,0.0,0.0
2025-03-01,EDGE_AIRCRAFT,0.0,0.0,0.0,4970547.075,2689.6856999999995,vpk_threshold,0.8999999999999999,0.0
2025-03-01,EDGE_MONITOR,0.0,0.0,0.0,9896408.925,811677.7499999999,cn_rule,1.0,0.0
2025-03-01,SATELLITE,0.0,0.0,0.0,19194122.025,1520413.0499999998,value_index_only,1.0,0.0
2025-03-01,T1,11489.19107142857,9191.352857142858,14622.606818181815,1396512.0,321697.35000000003,vpk_threshold,0.8068364372179511,12432.608035714284
2025-03-01,T2,5735.618571428572,3649.939090909091,8029.865999999999,1963091.3250000002,200746.64999999997,cn_rule,0.9000000000000001,6936.289285714285
2025-03-01,T3,10575.322875000002,7520.2296,14100.430499999999,3517280.4420000003,338410.33200000005,prior_allocation,0.4,10891.442250000002
2025-03-01,T4,1754.72024,1196.4001636363637,2632.0803600000004,1367831.2830000003,131604.018,prior_allocation,0.39999999999999997,1807.17264
2025-03-01,T5,-60.60166666666666,-31.166571428571427,-90.9025,-481053.29999999993,-10908.300000000001,vpk_threshold,0.7267162387986927,9.062083333333332
2025-03-01,T6,2921.7318000000005,1460.8659000000002,6086.94125,10519592.85,730432.95,vpk_threshold,0.7353460873926677,3099.9618000000005
2025-03-01,T7,7768.0633333333335,4993.755,11652.095,14074025.549999999,699125.7,cn_rule,0.8999999999999998,9291.966666666665
2025-03-01,UNALLOCATED,0.0,0.0,0.0,2012707.1250000002,167728.27500000002,vpk_threshold,0.0,0.0
2025-04-01,EDGE_AIRCRAFT,0.0,0.0,0.0,3045670.8750000005,109.19999999999948,vpk_threshold,0.9000000000000001,0.0
2025-04-01,EDGE_MONITOR,0.0,0.0,0.0,10992730.125,889401.825,cn_rule,1.0,0.0
2025-04-01,SATELLITE,0.0,0.0,0.0,19293722.175,1367684.175,value_index_only,1.0,0.0
2025-04-01,T1,13141.850892857143,10513.480714285713,16725.992045454546,1462708.65,367971.82499999995,vpk_threshold,0.8417812607874873,14086.869642857142
2025-04-01,T2,10428.321428571428,6636.204545454545,14599.649999999998,3834536.5500000003,364991.25,cn_rule,0.9,11338.219285714285
2025-04-01,T3,5140.965375,3655.7975999999994,6854.6205,1682064.306,164510.892,prior_allocation,0.3999999999999999,5289.328687499999
2025-04-01,T4,853.0194400000003,581.6041636363636,1279.52916,654136.1190000002,63976.458,prior_allocation,0.4,877.6367600000001
2025-04-01,T5,-785.8445833333332,-404.14864285714293,-1178.7668749999998,-3198096.525,-141452.025,vpk_threshold,0.6593722739253965,15.042083333333334
2025-04-01,T6,611.4419999999999,305.72099999999995,1273.8375,-696803.2500000007,152860.49999999997,vpk_threshold,0.8484040142614147,1326.7097999999999
2025-04-01,T7,8147.229999999999,5237.505,12220.845,13691332.200000001,733250.7,cn_rule,0.9,9387.776666666668
2025-04-01,UNALLOCATED,0.0,0.0,0.0,1032373.875,108863.62500000001,vpk_threshold,0.0,0.0
2025-05-01,EDGE_AIRCRAFT,0.0,0.0,0.0,-1437636.5249999994,-1715.999999999999,vpk_threshold,0.9000000000000002,0.0
2025-05-01,EDGE_MONITOR,0.0,0.0,0.0,10619267.1,589950.0750000001,cn_rule,1.0,0.0
2025-05-01,SATELLITE,0.0,0.0,0.0,23522612.099999998,1531863.45,value_index_only,1.0,0.0
2025-05-01,T1,25248.94821428571,20199.15857142857,32135.024999999998,3116375.9249999993,706970.55,vpk_threshold,0.7981159005613252,25275.65625
2025-05-01,T2,7651.382142857143,4869.061363636363,10711.935000000001,1521817.0499999998,267798.375,cn_rule,0.8999999999999999,9378.441428571427
2025-05-01,T3,11146.816687499999,7926.6251999999995,14862.422250000001,3957657.6779999994,356698.13399999996,prior_allocation,0.39999999999999997,11227.9415625
2025-05-01,T4,1849.54588,1261.0540090909092,2774.31882,1539089.097,138715.94100000002,prior_allocation,0.4000000000000001,1863.0066
2025-05-01,T5,-557.2829166666668,-286.6026428571429,-835.9243749999998,-1891638.45,-100310.92499999999,vpk_threshold,0.6638332365331,135.6170833333333
2025-05-01,T6,795.4635000000001,397.73175000000003,1657.2156250000003,4730436.75,198865.875,vpk_threshold,0.7855826360640721,1374.9995999999999
2025-05-01,T7,8249.843333333334,5303.470714285714,12374.764999999998,15305432.025000002,742485.8999999999,cn_rule,0.9,10012.513333333332
2025-05-01,UNALLOCATED,0.0,0.0,0.0,1444325.9999999998,82725.82499999998,vpk_threshold,0.0,0.0
2025-06-01,EDGE_AIRCRAFT,0.0,0.0,0.0,3360250.7249999987,-39.975000000000364,vpk_threshold,0.9,0.0
2025-06-01,EDGE_MONITOR,0.0,0.0,0.0,9316466.249999998,616416.45,cn_rule,1.0,0.0
2025-06-01,SATELLITE,0.0,0.0,0.0,25082415.149999995,1500161.6955,value_index_only,1.0,0.0
2025-06-01,T1,7073.799107142857,5659.039285714285,9003.017045454546,891708.6749999998,198066.375,vpk_threshold,0.7889936075053862,7775.450892857143
2025-06-01,T2,2563.386428571428,1631.245909090909,3588.7410000000004,980000.7750000001,89718.525,cn_rule,0.8999999999999999,4356.3557142857135
2025-06-01,T3,10045.532249999998,7143.4896,13394.042999999998,3237065.9099999997,321457.03199999995,prior_allocation,0.39999999999999997,10058.080499999998
2025-06-01,T4,1666.8142400000002,1136.4642545454544,2500.22136,1258858.9650000003,125011.06799999998,prior_allocation,0.39999999999999997,1668.89632
2025-06-01,T5,27.191666666666663,13.98428571428572,40.7875,152563.12499999997,4894.5,vpk_threshold,0.694829291507687,93.16666666666666
2025-06-01,T6,782.8587,391.42935,1630.955625,1753110.4500000007,195714.675,vpk_threshold,0.8174406318455554,1883.2007999999998
2025-06-01,T7,5154.304999999999,3313.4817857142866,7731.4574999999995,8583707.925,463887.45,cn_rule,0.9000000000000001,7096.689166666667
2025-06-01,UNALLOCATED,0.0,0.0,0.0,1088097.0750000002,92251.57500000001,vpk_threshold,0.0,0.0
2025-07-01,EDGE_AIRCRAFT,0.0,0.0,0.0,2436436.2749999994,-856.0499999999997,vpk_threshold,0.9,0.0
2025-07-01,EDGE_MONITOR,0.0,0.0,0.0,6603029.549999999,419476.2,cn_rule,1.0,0.0
2025-07-01,SATELLITE,0.0,0.0,0.0,25239097.65,1502797.1439,value_index_only,1.0,0.0
2025-07-01,T1,-353.40267857142857,-282.722142857143,-449.7852272727274,186876.3,-9895.275000000012,vpk_threshold,0.854830088225659,1816.1464285714285
2025-07-01,T2,5980.176428571428,3805.566818181818,8372.247,1676609.025,209306.175,cn_rule,0.8999999999999999,7156.667142857143
2025-07-01,T3,10104.719625,7185.5783999999985,13472.959499999997,3173046.3179999995,323351.028,prior_allocation,0.4,10639.226812500001
2025-07-01,T4,1676.6349599999999,1143.1602000000003,2514.95244,1233962.4570000002,125747.622,prior_allocation,0.4,1765.3235600000003
2025-07-01,T5,242.30916666666667,124.61614285714288,363.46374999999995,826329.075,43615.65,vpk_threshold,0.6495818205071762,349.18541666666664
2025-07-01,T6,1850.7255,925.36275,3855.678125,7937828.925,462681.375,vpk_threshold,0.7791998171334227,2057.8155
2025-07-01,T7,12378.004166666666,7957.288392857144,18567.00625,20469232.875,1114020.375,cn_rule,0.9000000000000001,14366.993333333334
2025-07-01,UNALLOCATED,0.0,0.0,0.0,527255.6249999999,87348.3,vpk_threshold,0.0,0.0
2025-08-01,EDGE_AIRCRAFT,0.0,0.0,0.0,881590.1249999991,-1515.1499999999992,vpk_threshold,0.9,0.0
2025-08-01,EDGE_MONITOR,0.0,0.0,0.0,8354406.449999998,514349.55000000005,cn_rule,1.0,0.0
2025-08-01,SATELLITE,0.0,0.0,0.0,31289694.15,1650265.5,value_index_only,1.0,0.0
2025-08-01,T1,9864.492857142859,7891.5942857142845,12554.809090909092,1643616.0,276205.8,vpk_threshold,0.7205254196200496,10263.511607142858
2025-08-01,T2,2816.273571428572,1792.174090909091,3942.7829999999994,673485.15,98569.575,cn_rule,0.9,4273.564285714286
2025-08-01,T3,8474.7853125,6026.513999999999,11299.713749999999,2963696.58,271193.13,prior_allocation,0.4,10780.2410625
2025-08-01,T4,1406.1866000000002,958.763590909091,2109.2799,1152548.6700000002,105463.99500000001,prior_allocation,0.39999999999999997,1788.7214800000002
2025-08-01,T5,-78.02708333333331,-40.128214285714286,-117.04062499999999,-154772.47500000003,-14044.875000000002,vpk_threshold,0.7302771727164412,33.58875
2025-08-01,T6,1683.8288999999997,841.9144499999999,3507.9768750000003,8095991.475,420957.22500000003,vpk_threshold,0.7877340444203008,1760.9787
2025-08-01,T7,9011.361666666666,5793.018214285716,13517.0425,14878688.175000003,811022.55,cn_rule,0.8999999999999999,10776.913333333332
2025-08-01,UNALLOCATED,0.0,0.0,0.0,2545190.7,155961.97499999998,vpk_threshold,0.0,0.0
2025-09-01,EDGE_AIRCRAFT,0.0,0.0,0.0,1134572.3999999994,-1485.9,vpk_threshold,0.9,0.0
2025-09-01,EDGE_MONITOR,0.0,0.0,0.0,5321745.0,492344.775,cn_rule,1.0,0.0
2025-09-01,SATELLITE,0.0,0.0,0.0,24541415.924999997,1598907.375,value_index_only,1.0,0.0
2025-09-01,T1,8865.95357142857,7092.762857142856,11283.94090909091,1177605.0,248246.7,vpk_threshold,0.7766590852458599,8874.066964285714
2025-09-01,T2,4046.389285714286,2574.975,5664.945000000001,1542672.2999999998,141623.625,cn_rule,0.9000000000000001,5589.062142857143
2025-09-01,T3,6007.80375,4272.216,8010.404999999999,2016525.186,192249.72,prior_allocation,0.4000000000000001,6191.7496875
2025-09-01,T4,996.8504000000001,679.6707272727274,1495.2756000000002,784204.2390000001,74763.78,prior_allocation,0.4000000000000001,1027.3718000000001
2025-09-01,T5,272.1495833333334,139.96264285714287,408.2243749999999,1020741.1500000001,48986.92499999999,vpk_threshold,0.6481898992423633,532.1604166666666
2025-09-01,T6,156.29639999999995,78.14819999999997,325.6175000000003,-130753.35000000102,39074.100000000035,vpk_threshold,0.826017750382224,1277.9871
2025-09-01,T7,5226.010833333333,3359.578392857143,7839.01625,8056988.549999999,470340.9750000001,cn_rule,0.9,7205.141666666666
2025-09-01,UNALLOCATED,0.0,0.0,0.0,211266.90000000014,68130.07499999998,vpk_threshold,0.0,0.0
2025-10-01,EDGE_AIRCRAFT,0.0,0.0,0.0,6811629.825000001,1504.8149999999998,vpk_threshold,0.8999999999999999,0.0
2025-10-01,EDGE_MONITOR,0.0,0.0,0.0,4988895.600000001,559933.725,cn_rule,1.0,0.0
2025-10-01,SATELLITE,0.0,0.0,0.0,24495596.775,1715305.7999999998,value_index_only,1.0,0.0
2025-10-01,T1,7432.146428571429,5945.717142857142,9459.095454545453,1117973.0250000001,208100.1,vpk_threshold,0.7249237623934244,7622.410714285715
2025-10-01,T2,4187.7642857142855,2664.940909090909,5862.87,2003606.475,146571.75,cn_rule,0.9000000000000001,5486.687142857143
2025-10-01,T3,13999.8763125,9955.4676,18666.50175,4910947.002,447996.042,prior_allocation,0.40000000000000013,14009.6604375
2025-10-01,T4,2322.94244,1583.8243909090913,3484.4136600000006,1909812.7230000002,174220.68300000002,prior_allocation,0.40000000000000013,2324.56588
2025-10-01,T5,36.9525,19.004142857142853,55.42874999999998,-284837.47500000003,6651.449999999997,vpk_threshold,0.6903583745383672,392.68125
2025-10-01,T6,-472.92180000000013,-236.46090000000007,-985.2537499999987,-4899330.149999998,-118230.45000000014,vpk_threshold,0.8437221494219989,1507.8297
2025-10-01,T7,9085.093333333332,5840.417142857143,13627.64,14964689.025,817658.3999999999,cn_rule,0.8999999999999999,11932.797499999999
2025-10-01,UNALLOCATED,0.0,0.0,0.0,-904602.0749999998,-38609.025,vpk_threshold,0.0,0.0
2025-11-01,EDGE_AIRCRAFT,0.0,0.0,0.0,3677019.4499999997,827.775000000001,vpk_threshold,0.9000000000000002,0.0
2025-11-01,EDGE_MONITOR,0.0,0.0,0.0,4824055.275,415523.55,cn_rule,1.0,0.0
2025-11-01,SATELLITE,0.0,0.0,0.0,28278609.45,1566393.72825,value_index_only,1.0,0.0
2025-11-01,T1,4534.933928571429,3627.947142857143,5771.734090909091,752976.8999999999,126978.14999999998,vpk_threshold,0.677123277379557,5146.816071428571
2025-11-01,T2,9179.764285714287,5841.668181818182,12851.670000000002,3646105.125,321291.75,cn_rule,0.9,10076.039999999999
2025-11-01,T3,12954.2473125,9211.909199999998,17272.32975,4390739.73,414535.914,prior_allocation,0.39999999999999997,12954.2473125
2025-11-01,T4,2149.4454800000003,1465.5310090909093,3224.1682200000005,1707509.895,161208.41100000002,prior_allocation,0.4,2149.4454800000003
2025-11-01,T5,9.419583333333332,4.8443571428571435,14.12937500000001,-42862.95,1695.525000000001,vpk_threshold,0.7068917602612944,62.595
2025-11-01,T6,-725.3687999999996,-362.6843999999998,-1511.1850000000002,-4203198.675000001,-181342.2,vpk_threshold,0.8454308775047177,1308.7776000000001
2025-11-01,T7,7547.193333333334,4851.767142857143,11320.789999999999,10166709.15,679247.3999999999,cn_rule,0.9000000000000001,9333.5125
2025-11-01,UNALLOCATED,0.0,0.0,0.0,839647.5750000001,73110.37500000001,vpk_threshold,0.0,0.0
2025-12-01,EDGE_AIRCRAFT,0.0,0.0,0.0,2529654.075,-896.9999999999998,vpk_threshold,0.9,0.0
2025-12-01,EDGE_MONITOR,0.0,0.0,0.0,5459971.725000001,406698.82499999995,cn_rule,1.0,0.0
2025-12-01,SATELLITE,0.0,0.0,0.0,19021574.325000003,3568029.075,value_index_only,1.0,0.0
2025-12-01,T1,3038.6571428571433,2430.925714285714,3867.381818181818,542115.6,85082.4,vpk_threshold,0.673382965262007,3038.6571428571433
2025-12-01,T2,5071.699285714286,3227.4449999999997,7100.378999999998,2399725.5749999997,177509.47500000003,cn_rule,0.9000000000000001,5456.768571428572
2025-12-01,T3,6874.729874999998,4888.696800000001,9166.306499999999,2171479.7519999994,219991.35599999994,prior_allocation,0.40000000000000013,8979.0845625
2025-12-01,T4,1140.6959200000001,777.7472181818181,1711.0438800000002,844464.3479999999,85552.19400000002,prior_allocation,0.4,1489.8629199999998
2025-12-01,T5,-67.06916666666665,-34.492714285714285,-100.60375000000002,-244655.775,-12072.449999999999,vpk_threshold,0.6985692690803059,57.10249999999999
2025-12-01,T6,-46.1330999999999,-23.06654999999995,-96.11062499999977,-589575.6749999997,-11533.275000000005,vpk_threshold,0.8261801802452139,1258.6313999999998
2025-12-01,T7,7365.984166666666,4735.275535714285,11048.976249999998,9153078.674999999,662938.5750000001,cn_rule,0.8999999999999999,9180.925000000001
2025-12-01,UNALLOCATED,0.0,0.0,0.0,2676950.25,166465.65,vpk_threshold,0.0,0.0
2026-01-01,EDGE_AIRCRAFT,0.0,0.0,0.0,-2644015.7249999996,5012.474999999999,vpk_threshold,0.9000000000000001,0.0
2026-01-01,EDGE_MONITOR,0.0,0.0,0.0,7010897.400000001,526176.3,cn_rule,1.0,0.0
2026-01-01,SATELLITE,0.0,0.0,0.0,25642362.525,1455267.255,value_index_only,1.0,0.0
2026-01-01,T1,1947.6321428571428,1558.1057142857142,2478.804545454545,233113.725,54533.7,vpk_threshold,0.8294835678189005,1983.4982142857143
2026-01-01,T2,4589.993571428571,2920.9049999999997,6425.991000000001,1341165.15,160649.775,cn_rule,0.9,5023.478571428572
2026-01-01,T3,11131.87725,7916.001599999999,14842.503,4025028.6180000002,356220.072,prior_allocation,0.4,11336.68575
2026-01-01,T4,1847.0670400000004,1259.363890909091,2770.6005600000003,1565288.9070000004,138530.02800000002,prior_allocation,0.4000000000000001,1881.0500800000002
2026-01-01,T5,687.18,353.4068571428572,1030.77,2727663.9,123692.4,vpk_threshold,0.6478167740442817,703.3866666666667
2026-01-01,T6,-608.5287000000001,-304.26435000000004,-1267.7681249999996,-4319352.375,-152132.175,vpk_threshold,0.8688344169443817,976.6067999999999
2026-01-01,T7,7018.3099999999995,4511.770714285713,10527.465000000002,10567411.725000001,631647.8999999999,cn_rule,0.9000000000000001,10360.783333333331
2026-01-01,UNALLOCATED,0.0,0.0,0.0,-524935.1250000001,-20959.575000000008,vpk_threshold,0.0,0.0
2026-02-01,EDGE_AIRCRAFT,0.0,0.0,0.0,-1771408.274999999,-1516.1250000000002,vpk_threshold,0.9000000000000001,0.0
2026-02-01,EDGE_MONITOR,0.0,0.0,0.0,6530435.925,652829.7749999999,cn_rule,1.0,0.0
2026-02-01,SATELLITE,0.0,0.0,0.0,23654714.85,1302369.8999999997,value_index_only,1.0,0.0
2026-02-01,T1,24289.478571428568,19431.582857142857,30913.881818181817,2339256.075,680105.4,vpk_threshold,0.8707958244874742,25596.152678571423
2026-02-01,T2,3829.5214285714283,2436.9681818181816,5361.329999999999,2190938.1,134033.25,cn_rule,0.9,4957.986428571429
2026-02-01,T3,14085.673875000002,10016.4792,18780.8985,4783211.0819999995,450741.5640000001,prior_allocation,0.4,14254.439062500001
2026-02-01,T4,2337.1784800000005,1593.530781818182,3505.7677200000003,1860137.6430000002,175288.38600000003,prior_allocation,0.39999999999999997,2365.181
2026-02-01,T5,397.2041666666666,204.27642857142857,595.8062499999999,1585158.9,71496.75,vpk_threshold,0.6492575633328521,491.3783333333333
2026-02-01,T6,314.4102000000001,157.20510000000004,655.0212499999998,721474.6499999994,78602.55,vpk_threshold,0.8263917302775173,1222.2716999999998
2026-02-01,T7,9120.2475,5863.01625,13680.371250000002,12297754.950000001,820822.275,cn_rule,0.9,12093.564166666667
2026-02-01,UNALLOCATED,0.0,0.0,0.0,-372750.3,-3473.9249999999993,vpk_threshold,0.0,0.0
2026-03-01,EDGE_AIRCRAFT,0.0,0.0,0.0,4731790.05,1197.3,vpk_threshold,0.9,0.0
2026-03-01,EDGE_MONITOR,0.0,0.0,0.0,11752401.375,1161377.1,cn_rule,1.0,0.0
2026-03-01,SATELLITE,0.0,0.0,0.0,27783168.075,1737246.225,value_index_only,1.0,0.0
2026-03-01,T1,36830.93839285714,29464.750714285714,46875.73977272728,4096287.974999999,1031266.2749999999,vpk_threshold,0.8325551332141661,37286.40267857143
2026-03-01,T2,13846.727142857146,8811.553636363637,19385.417999999998,3841623.8249999993,484635.45000000007,cn_rule,0.8999999999999999,14873.736428571428
2026-03-01,T3,20861.355937500004,14834.742000000002,27815.14125,6312656.375999999,667563.3900000001,prior_allocation,0.4,20892.265875
2026-03-01,T4,3461.4398000000006,2360.0725909090916,5192.159699999999,2454921.924,259607.98500000002,prior_allocation,0.4000000000000001,3466.5685600000006
2026-03-01,T5,264.37125,135.96235714285712,396.55687500000005,1085034.6,47586.825000000004,vpk_threshold,0.6828288219576737,287.80375
2026-03-01,T6,582.9213000000001,291.46065000000004,1214.4193749999997,-2788470.749999999,145730.32499999998,vpk_threshold,0.8468664248971098,2142.8160000000003
2026-03-01,T7,11288.170833333332,7256.681250000001,16932.256250000002,15753239.775,1015935.3749999999,cn_rule,0.9,13679.054999999998
2026-03-01,UNALLOCATED,0.0,0.0,0.0,303072.8999999999,79991.92499999999,vpk_threshold,0.0,0.0
2026-04-01,EDGE_AIRCRAFT,0.0,0.0,0.0,-927965.0249999993,-822.8999999999997,vpk_threshold,0.9000000000000002,0.0
2026-04-01,EDGE_MONITOR,0.0,0.0,0.0,4775651.4,856810.5,cn_rule,1.0,0.0
2026-04-01,SATELLITE,0.0,0.0,0.0,27985828.65,1804589.4749999999,value_index_only,1.0,0.0
2026-04-01,T1,44900.90892857143,35920.72714285714,57146.611363636366,4500333.825,1257225.45,vpk_threshold,0.8686432999526974,44964.45803571429
2026-04-01,T2,35187.61071428571,22392.115909090906,49262.655000000006,6395592.45,1231566.375,cn_rule,0.8999999999999999,35980.11857142857
2026-04-01,T3,24847.311937499995,17669.1996,33129.74924999999,7608001.517999999,795113.9819999998,prior_allocation,0.4,24898.755374999997
2026-04-01,T4,4122.8132399999995,2811.009027272727,6184.21986,2958667.2570000007,309210.99299999996,prior_allocation,0.4000000000000001,4131.34904
2026-04-01,T5,523.6995833333333,269.3312142857143,785.549375,2070913.65,94265.92499999999,vpk_threshold,0.6423189134070204,561.3833333333333
2026-04-01,T6,980.6198999999999,490.30994999999996,2042.9581249999997,1551590.6249999995,245154.975,vpk_threshold,0.847169232095524,1895.2245000000003
2026-04-01,T7,6704.013333333332,4309.722857142856,10056.02,8953372.350000001,603361.2,cn_rule,0.9000000000000001,9334.129999999997
2026-04-01,UNALLOCATED,0.0,0.0,0.0,2356206.4499999993,352560.0,vpk_threshold,0.0,0.0
2026-05-01,EDGE_AIRCRAFT,0.0,0.0,0.0,813514.6500000021,-576.2249999999998,vpk_threshold,0.9,0.0
2026-05-01,EDGE_MONITOR,0.0,0.0,0.0,9773412.674999997,984388.2749999999,cn_rule,1.0,0.0
2026-05-01,SATELLITE,0.0,0.0,0.0,26187579.6,1733059.575,value_index_only,1.0,0.0
2026-05-01,T1,39435.02410714286,31548.019285714283,50190.03068181818,3676556.325,1104180.6749999998,vpk_threshold,0.904271778439347,39479.665178571435
2026-05-01,T2,21809.245714285717,13878.610909090907,30532.943999999996,3627751.725,763323.6000000001,cn_rule,0.8999999999999999,23259.90642857143
2026-05-01,T3,22386.999375,15919.643999999998,29849.3325,6738430.608000001,716383.98,prior_allocation,0.4,22634.366625
2026-05-01,T4,3714.5836,2532.6706363636367,5571.8754,2620500.7920000004,278593.77,prior_allocation,0.4,3755.6282400000005
2026-05-01,T5,860.7895833333333,442.69178571428574,1291.1843750000003,3889083.9,154942.125,vpk_threshold,0.6484985944376273,953.0895833333334
2026-05-01,T6,2368.6533,1184.32665,4934.694374999999,9208031.624999998,592163.325,vpk_threshold,0.7923931083774137,3105.8781
2026-05-01,T7,8911.900833333333,5729.079107142857,13367.85125,13154817.975,802071.075,cn_rule,0.9000000000000002,11372.692500000001
2026-05-01,UNALLOCATED,0.0,0.0,0.0,1637880.0749999997,144664.65000000002,vpk_threshold,0.0,0.0
